_____,4
',2
],3
000,16
000),2
004,1
03,2
06,1
$1,4
10,24
$10,1
100,4
$100,7
100%,2
100-percent,1
1020,1
102-year-old,1
1038,1
1044,1
___1050,1
11,2
1109,1
1120,1
1132,1
1200,1
___1215,1
1216,1
1241,1
1242,1
1244,1
13,5
$130,1
14,7
15,6
150,2
___150,1
$152,1
$153,3
156,1
$158,1
$159,2
16,7
$160,1
17,7
18,6
180,1
1854,2
19,2
$19,2
1939,1
$195,1
1973,1
1980s,1
1982,1
1988,2
1990s,2
1994,1
1995,1
1998,2
1999,1
2,26
___2,1
$2,3
20,10
200,1
2003,2
2006,2
2007,2
2007the,1
2008,2
2008facebook,1
2009,1
2009facebook,1
2010,2
2010app-makers,1
2011,12
2011the,1
2012,4
2012facebook,1
2013,6
2013-2014,1
2013facebook,1
2014,30
2014?cambridge,1
2014facebook,1
2015,3
2015),1
2016,58
2017,3
2017facebook,1
2018,75
2018facebook,1
2019,2
2020,1
20/2060,1
21,4
217,1
21st,2
21-year,1
22,4
___220,1
___227,1
229,1
$230,1
233,1
237,2
24,2
242,1
25,12
$25,4
$252,1
26,14
27,14
270,3
28,14
$283,1
28-year-old,2
29,13
3,10
30,11
300,3
300-to-1,1
31,8
315,1
32,1
323,1
33,2
338,1
34,2
35,2
350,1
$350,4
350b,1
352,1
37,6
$38,1
39,2
3-hour,1
4,21
40,3
$40,2
400,3
$400,1
+400%facebookstock,1
405,1
41,4
411,1
412,2
$42,2
421,1
43,1
$43,1
444,1
45,1
46,1
47,1
5,16
___5,1
$5,1
50,36
$50,1
500,13
$500,1
500-stock,2
51,1
510,1
517,1
52,3
523,1
53,2
$558,1
56,1
$560,1
5g,2
6,8
$6,3
60,7
$60,1
600,1
603,1
608,2
62,2
623,1
625,2
63,1
636,1
64,1
65,1
66,2
669,1
68,1
7,7
70,1
$70,4
700,1
708,1
717,1
720,1
73,1
$730,1
74,1
$747,1
$75,1
755,1
76,2
76-year-old,1
$789,1
79,2
8,7
$800,1
802,1
833,1
838,1
856,1
$86,1
$860,1
($888,2
9,5
90,2
$910,1
$915,1
926,1
93,1
938,1
95,1
___955,1
(a,2
a1,2
a4,1
abbey,3
ability,3
able,10
abroad,2
absence,3
absolutely,6
abuse,9
abusing,1
academic,1
access,40
accessed,9
accessing,2
accord,1
accordance,1
according,33
account,22
accounted,2
accounting,1
accuracy,2
accurate,1
accurately,1
accusation,3
accused,9
accusing,1
a-changin,1
achieve,1
achieved,1
achievement,1
achieving,1
ackman,1
acknowledged,11
acknowledges,1
acknowledgment,2
acquire,1
acquired,1
acquisition,1
acquitted,1
acronym,1
across,10
act,6
act),1
acting,4
action,10
activation,1
active,3
activist,3
activity,8
actor,4
actress,1
actual,2
actually,8
acxiom,18
(acxiom),1
ad,74
adam,1
add,2
added,21
addictive,1
adding,2
addison)were,2
addition,3
additional,4
(additional,2
address,53
addressed,3
addressing,1
adhere,5
adhering,1
adjusted,2
adler)were,1
administered,2
administration,7
admitted,1
adobe,11
adopt,1
adopted,3
adoption,1
adrian,1
ad-supported,1
adult,2
advance,2
advanced,1
advantage,2
adventure,1
advertised,1
advertisement,6
advertisement___1155,1
advertisement2015facebook,1
advertisementa,2
advertisementafter,1
advertisementaggregateiq,1
advertisementalso,1
advertisementanother,1
advertisementarkansas-based,1
advertisementas,1
advertisementattempts,2
advertisementbosworth,1
advertisementbut,1
advertisementby,56
advertisementcambridge,1
advertisementcampaign,1
advertisementdamian,1
advertisementdr,1
advertisementeddie,1
advertisementeuropean,1
advertisementeven,1
advertisementfacebook,7
advertisementgoogle,2
advertisementhawking,2
advertisementhis,1
advertisementhouse,2
advertisementhow,1
advertisementhowever,1
advertisementi,2
advertisementian,1
advertisementin,8
advertisement___in,1
advertisementit,2
)advertisementit,1
advertisementjourova,1
advertisementmaybe,1
advertisementmeanwhile,1
advertisementmr,2
advertisementneither,1
advertisementon,1
advertisementone,2
advertisementperhaps,1
advertisementpig,1
advertisementpreliminary,1
advertisementread,2
advertisement(reporting,1
advertisementscrutiny,1
advertisementsen,1
advertisementshares,1
advertisementsince,1
advertisementsome,2
advertisementstuck,1
advertisementtech,1
advertisementthe,35
)advertisementthe,1
]advertisementthe,1
advertisementthere,1
advertisementthey,1
advertisementthings,1
advertisementthis,2
advertisementthose,1
advertisementu,1
advertisementusers,1
advertisementwhat,1
advertisementwith,1
advertisementworries,1
advertisementwylie,2
advertisementyet,1
advertisementyou,1
advertisementzuckerberg,1
advertiser,31
advertising,17
advice,1
advised,1
adviser,2
advisersfrom,1
advocacy,2
advocate,1
affair,5
affect,4
affected,10
affiliate,1
affiliated,2
afloat,1
afp,3
afraid,1
africaadvertisementadvertisementby,1
(after,1
afterlives,1
aftermath,1
afterward,1
age,5
aged,1
agency,9
agenda,2
agents',1
aggregate,3
aggregateiq,32
aggregrate,1
aggressive,2
aggressively,1
agree,9
agreed,5
agreement,3
agrees,1
ahead,5
ahuja,2
aid,1
aiera,10
(aiera,1
aieras,1
aimed,4
aiming,1
aiq,6
(aiq),2
air,2
ala,1
alan,1
albeit,1
alden,1
alderson,3
alec,1
aleksandr,3
alex,1
alexa,10
alexander,5
alexandre,1
alfredas,1
algorithm,10
algorithmic,1
alien,1
align,1
alistair,4
(all,3
allan,1
allegation,20
allege,2
alleged,13
allegedly,2
alleges,5
allen,2
alleviated,1
allied,1
allow,10
allowed,5
allowing,2
allows,4
all-staff,1
allstate,1
ally,3
almost,10
alone,3
along,5
alphabet,20
already,16
alternative,1
although,7
aluminum,1
always,6
[amanda,1
amazing,2
amazon,31
(amazon,1
amazon!,1
amazon),1
america,4
american,36
amid,7
amit,1
among,20
amount,9
amusingly,1
analogous,1
analysis,3
analyst,16
analytica,193
analytica),1
analyticafacebookf,1
analyticai,1
analytical,1
analyticas,3
analytics,4
analyze,5
analyzes,2
analyzing,3
anatomic,1
anayltica,1
ancient,1
(and,1
andean,1
andrew,10
android,13
andy,1
anger,3
angry,1
anguish,1
anick,1
animal,1
animated,3
anna,1
annals,2
annette,1
announced,10
announcement,6
announces,1
announcing,3
annoying,2
annual,1
annually,1
anonymity,1
anonymized,2
another,18
answer,20
antarctica,1
ante,1
anticipating,1
anti-semitism,1
antithetical,1
antitrust,1
anybody,1
anymore,2
anyone,3
anyway,2
anywhere,1
ap,1
apartment,1
apologise,1
apologised,1
apologize,4
apologized,9
apologizes,1
apologizing,1
apology,5
app,56
apparently,1
appeal,3
appealed,1
appear,21
appearance,6
appeared,7
appearing,3
appears,12
appease,2
appetite,1
applause,2
apple,28
appliance,1
application,23
apply,3
applying,1
app-maker,1
appreciate,2
appreciated,1
appreciation,1
approach,4
approached,2
appropriate,4
approval,1
approved,3
approvingly,1
apps,22
april,15
ar,3
area,7
arent,3
argue,1
argument,3
ariz,1
arizona,1
arjun,2
arkansas,1
arm,2
armour,1
around,24
arrangement,1
array,2
arrived,4
arron,1
article,16
artificial,2
artificially,2
artist,1
ash,3
ashlie,2
asia,1
asian,2
aside,1
ask,6
asked,29
asking,5
asks,3
assault,3
assembled,1
asserting,1
assertion,2
assessing,1
assistance,1
assistant,6
associate,3
associated,18
association,2
assume,1
assumes,1
assumption,1
assurance,4
assured,2
astonishing,7
astonishingwith,1
astronomer,3
asylum,1
ata,1
atlantic,3
attack,7
attacked,1
attempt,3
attend,2
attended,2
attention,3
)attention,1
attorney,14
attracted,1
attribute,1
attributed,2
auchard,2
audience,6
audio,9
audit,2
augmented-reality,1
august,2
aurelien,1
austen,1
austenmarch,1
australian,1
authenticity,2
author,5
authoritative,1
authority,7
authorized,3
automaker,2
automated,1
automatically,1
autonomous,1
autonomy,1
available,7
average,4
avoid,3
await,1
award,5
award-winning,1
awash,1
away,3
awkward,1
(axios)on,1
b1,4
b2,1
b6,1
bachman,1
back,16
backed,3
background,2
backing,3
backlash,3
backplot,1
bad,3
badge,1
badly,1
balance,1
ball,2
ban,5
band,1
bang,2
bank,10
bankruptcy,1
banned,1
banner,1
bar,1
barely,1
barley,4
barnes,1
barrymarch,1
bart,1
barthlemy,1
base,1
baseball,1
based,14
-based,2
bashing,1
basic,1
basis,3
basketball,1
batch,1
bates,2
batess,1
bathing,1
bay,2
beacon,4
bearing,2
bearish,1
beat,1
beautiful,1
beavis,6
became,8
become,10
becomes,1
becoming,3
bed,1
bedroom,1
beer,1
began,4
begin,3
beginning,4
begun,2
behalf,5
behave,1
behaves,1
behavior,3
behavioral,1
behemoth,1
behind,6
beijing,7
beijingcambridge,1
beleave,10
belief,7
beliefsour,1
believe,9
believed,7
bell,3
belonging,1
belongs,2
beloved,1
benchmark,1
benefit,3
benefited,1
bengaluru,5
bennett,2
bentley)were,1
beringer,2
berkshire,7
berlin,2
bernard,2
besides,1
best,5
best-selling,3
better,23
betting,1
beyond,4
bezos,2
bezoss,1
bharatiya,2
bias,1
bid,2
big,22
bigger,5
biggest,8
bike,1
bild,2
bill,7
billing,1
billion,40
billionaire,3
bindmans,2
biographical,2
biomarker-driven,1
biomarkers,2
biometric,1
birth,2
birthday,2
bissonnette,1
bit,3
bitcoin?,1
bitter,1
bizdaynytimes,1
bjp,4
black,4
blackrock,1
blame,1
bled,1
bloc,2
block,3
blocked,8
blockin,1
blocking,1
blog,3
blood,1
bloomberg,2
(bloomberg),2
[bloomberg]advertisement,1
blow,1
blowhard,1
blowing,1
blue,1
blumenthal,1
bluntly,1
board,8
boarding,1
bob,2
bobby,3
bocanegra,2
body,2
boehning,1
bogost,1
bogota,3
boldly,1
bolton,1
bomb-throwing,1
bond,1
bonus,2
book,4
bookmaker,1
boris,1
born,1
borsuk,1
bos,8
boss,1
bosworth,14
bosworths,1
bother,1
bottomed,1
bought,9
bow,2
bowl,2
bowles,1
bowlesmarch,1
box,50
boy,1
boz,3
boztank,1
bracket,3
brad,1
brainstorm,1
branch,2
brand,3
brave,1
breach,22
break,3
breaking,8
breakout,1
breathing,1
breeden,1
brexit,19
brian,3
brick,1
brief,5
briefed,7
briefing,7
briefly,2
brilliantly,1
brin,1
bring,8
bringing,3
brings,2
britain,39
british,71
broad,5
broad-based,1
broadcast,1
broader,2
broadly,1
broidy,1
broke,7
broken,5
broker,12
brought,5
brouhaha,1
browse,1
browsed,1
browser,1
browsing,2
bruce,1
bryan,1
bubble,1
buffett,1
buffetts,1
build,15
building,5
built,13
bull,1
bulletproof,1
bullish,1
(bullish,1
bullishcriticism,1
bulllish,1
bully,2
bumblegrindrhappntinderthe,1
bumpy,1
bunch,3
burden,1
bureau,6
bureaucrat,1
burst,1
burton,1
business,20
businesses?,1
businessman,2
business-to-business,1
butt-head,4
button,2
buy,13
buyer,1
buying,3
buzzfeed,9
[buzzfeed]what,1
c1,1
ca,1
(ca),1
cabinet,2
cache,1
cadwalladr,1
caius,2
calculate,1
calif,2
california,1
call,34
called,35
calling,3
cally,2
cambridge,227
(cambridge,1
camera,1
camp,1
campaign,64
campaigner,2
campaigning,1
campus,1
canada,13
canada[with],1
canadian,20
canceled,1
cancer,12
candidate,3
cannot,2
cant,1
canvassing,2
cap,1
capability,1
capable,2
capacity,2
capital,4
capitalization,4
capitol,4
captain,1
caption,1
capturing,2
car,6
caravan,1
card,2
cardi,1
care,4
career,2
caribbean,1
carlo,1
carls,2
carole,1
carolina,2
carried,2
carrier,1
carry,4
carrying,2
cart,1
case,11
cash,5
castleberry,1
catalyst,1
catastrophic,1
catch,1
categorically,1
category,6
caucus,2
cause,8
caused,3
cause-specific,1
caustic,1
cautiously,1
ccile,2
ceasing,1
cecilia,5
ceciliakang,1
ceciliakangnicholas,1
celebrated,2
celebrating,2
celebrity,1
cell,3
cellphone,1
census,1
cent,1
center,7
centered,1
central,3
centralize,1
centralized,3
century,1
ceo,24
cerberus,1
cerebral,1
ceremony,2
certain,9
certainly,1
certify,1
chain,1
chairman,10
chakrabarti,1
chakrabarty)were,1
challenge,4
challenged,3
championship,1
chance,1
chandelier,1
change,25
changed,7
changing,3
chang)were,1
channel,2
channeled,4
channelled,1
chapter,1
character,6
characteristic,1
charge,7
charged,2
charles,5
charm,1
chasing,2
chat,1
chatterjee,2
cheapest,1
cheated,1
cheating,2
check,3
checked,2
checkup,1
chemotherapy,1
chen,1
cherished,1
chest,1
chicago,1
chief,58
chiefly,1
child,11
chile,1
china,17
chinese,10
chip,1
chmieliauskas,7
choice,2
choose,2
choosing,1
chord,1
chose,2
chris,10
christmas,1
christopher,17
chuck,1
chura,1
church,6
circuit,2
circumstance,1
circumvented,2
circus,1
cisco,1
citing,3
citizen,2
citizens',1
citizenship,2
city,10
city?atlantacharlotte,1
city?bostonmiamisan,1
civil,1
claim,11
claiming,1
clairtone,1
clamoring,2
clan,1
clapped,1
clarify,2
class,1
class-action,1
classical,1
classmate,1
clean,2
cleaning,1
clear,12
click,5
clicked,2
clicker,3
clicking,50
client,8
clifford,1
climate,1
climb,1
climbed,2
climbing,1
clinical,5
clinically,1
clinton,2
cloning,1
close,9
closed,7
closely,7
closer,5
close-run,6
closet,1
closing,2
cloud,7
club,1
cluster,1
cnbc,4
cnn,7
coach,1
coal,1
co-authors,1
cobb,3
co-chair,1
code,4
code-named,1
coding,1
coffin,1
co-founded,2
co-founder,2
cohan,2
cohen,1
coin,1
coincided,1
cole,2
colin,1
collaborate,1
colleague,10
collect,11
collected,24
collecting,8
collection,12
collective,1
college,7
collins,5
collision,1
colombia,14
colombian,7
colonial,1
columbia,4
columnist,2
com,12
com/article/us-facebook-cambridge-analytica-apology/facebooks-zuckerberg-says-sorry-to-britons-with-newspaper-apology-ads-iduskbn1h10af,1
combating,1
combine,3
combined,3
com/bjp4india/status/977811651989680128,1
come,31
comedy,2
comfortable,1
com/fs0c131y/status/977267255309463554,1
com/fs0c131y/status/977847395743617024,1
comic,1
coming,8
command,1
comment,30
commentary,1
commented,3
commerce,24
commercial,3
commission,22
commissioner,18
commitment,1
committed,4
committee,74
common,13
commonly,1
commons',1
common-sense,1
communicate,2
communication,3
communist,1
community,3
companies',1
company,221
compare,3
compared,5
competition,1
competitive,1
competitor,1
compiled,1
compiling,1
complainant,1
complained,1
complaint,9
complete,4
completely,2
completing,1
complex,6
compliance,5
complied,1
comply,3
composed,1
composite,1
composure,1
compromised,1
computer,7
computing,2
com/rahulgandhi/status/977778259810226177,1
com/tasra55smg,1
concealed,1
concept,2
conception,1
concern,19
concerned,3
concerning,1
concession,1
conciliatory,1
concise,1
conclude,1
concluded,1
conclusion,1
concocting,1
concrete,1
condition,5
conduct,2
conducted,3
conducting,1
conference,6
confessore,2
confident,4
confined,1
confirmed,9
confirms,1
confront,1
confrontational,1
confronting,1
confusing,2
congress,25
congressional,8
congressmr,1
connect,7
connected,4
connecticut,2
connecting,4
connection,5
connectivity,1
connects,1
conscience,1
consensually,1
consent,12
conservative,1
consider,4
considerable,2
considerably,1
consideration,1
considered,1
considering,1
considers,2
consists,2
consoled,1
constantly,1
construction,2
consulate,2
consultancy,35
consultant,9
consulting,14
consumer,45
consumer-facing,1
contact,12
contacted,1
contain,1
contending,1
contends,1
content,15
contest,1
context,2
contextual,1
continent,1
continue,2
continued,4
continues,2
continuing,5
continuously,1
contract,7
contractor,7
contradicted,2
contradicts,1
contributed,6
contributes,1
contribution,2
contrite,1
control,34
controversial,2
controversy,2
convenience,1
convention,2
conventional,1
conversation,6
convoluted,2
cook,11
co-op,1
cooperate,1
cooperating,1
cooperation,2
coordinated,3
co-ordinated,1
copy,1
corbyn,1
core,1
cornerstone,1
corp,5
corporate,3
correct,3
corrected,1
correctly,1
correspondence,1
corresponding,2
cosmic,1
cosmos,2
cost,8
costa,1
costly,1
cotton,2
coughing,1
could,52
council,2
counsel,6
counseling,1
count,1
counterpart,3
counting,1
country,17
county,4
couple,4
course,5
court,6
cover,6
coverage,2
covered,1
covering,2
cow,4
cox,4
crack,2
cramer,1
crash,1
create,5
created,4
creates,1
creating,3
creation,2
creator,2
credibility,2
credit,1
creepy,1
cremated,2
crew,2
crew],1
cricket,1
crime,1
criminal,2
crippled,1
crisis,6
criterion,1
critic,1
critical,8
criticism,8
criticized,2
criticizing,1
croc,1
crocs,1
croft)were,1
cross-device,1
crosse)were,1
cross-party,1
crowd,1
crucial,1
cry,1
cryer],1
cryptocurrency,1
ctca,2
cuban,1
cult,1
'cult,1
culture,8
cummings,1
curran,2
currency,1
current,6
currently,6
custom,1
customer,9
cut,1
cutler,1
cutting-edge,1
cv,2
cyberattack,1
cynthia,2
czar,1
dad,1
daddy,1
dalgleish,2
dalgleish)were,3
dallas,1
damage,1
dame,1
damian,3
damn,1
dan,2
dance,1
dane,1
dangerous,1
daniel,1
dark,1
darker,1
darling,1
darwin,1
data,372
database,12
data-collection,1
datalogix,1
data-mining,9
data-protection,1
date,9
dated,1
dating,1
daughter,3
david,13
david-versus-goliath,1
day-to-day,1
deactivate,1
deadline,2
deal,9
dealt,2
dean,3
death,6
debacle,1
debate,5
debated,1
debra,2
debt,2
debut,1
decade,6
deceived,1
december,6
deceptive,1
decide,1
decided,7
decision,13
declare,1
declared,1
declaring,1
decline,4
declined,10
declining,1
decorated,1
decree,6
dedicated,1
deduction),1
deemed,1
deepening,1
deeply,2
default,2
defendant,3
defended,2
defending,1
defends,1
defense,5
defies,1
definitely,3
definitive,2
defuse,1
degenerative,1
degrade,1
degree,1
de-identified,1
delaware,1
delay,1
delete,12
deleted,9
delete-everything,1
deletefacebook,4
deleting,3
delhi,1
deliberate,1
deliberately,1
delicious,1
deliver,1
delivered,2
delivery,1
demand,4
demanded,1
demanding,11
democracy,2
democrat,4
democratic,4
demographic,1
demonstrated,1
den,1
denham,5
denied,8
denies,5
denmark,1
dent,1
deny,1
department,6
departmental,1
departure,3
deployed,1
deportation,1
depression,1
depth,1
deputy,8
deregulation,1
describe,2
described,5
describes,1
describing,1
deserve,4
deserved,1
deserves,1
designated,1
designed,2
designer,1
designing,1
desire,2
desktop,1
despair,1
desperate,1
despite,3
destruction,1
detail,13
detailed,2
detailing,2
detect,2
detected,2
detective,1
deter,5
determination,1
determine,8
determining,1
detroit,1
develop,2
developed,7
developer,7
developers',4
developing,2
development,8
device,27
devidutta,1
diagnosed,1
diagnosis,1
diagram,1
diamond,1
dictated,1
die,2
died,4
diego,1
difference,4
different,8
difficult,3
digenova,1
digital,14
digitalize,1
dim,2
dime,1
dimensionality,1
diminished,1
dined,1
dinner,2
dionne,1
diplomat,1
dire,1
direct,3
direction,3
directly,6
director,13
dirty,1
disabilitiessexual,1
disable,1
disagree,3
disagreed,3
disagreement,2
disappeared,1
disappointed,1
disappointing,1
disavowal,1
disavowed,2
disclose,1
disclosed,3
disclosing,3
disclosure,2
discomfited,1
discouragingwhat,1
discovered,1
discovery,1
discus,6
discussed,2
discussion,5
disease,4
disinformation,2
dislike,2
dismay,1
dismissed,2
dispatched,1
display,2
dispute,1
disregarding,1
disrupting,1
disruptive,1
distanced,3
distancing,1
distract,1
distributed,4
distrust,2
divergence,1
diverse,1
divert,1
divide,1
division,2
divorce,1
divorced,1
dizzying,1
doctor,1
doctored,1
document,9
documentary,1
dodged,1
doesnt,2
dog,1
dollar,3
domain,3
domestic,1
dominic,1
donald,28
donating,3
donation,2
donor,2
door,1
dorsey,3
dossier,1
doubling,1
doubt,1
dow,6
dowd,1
downgraded,1
download,6
downloadable,1
downloaded,3
downloads,5
downstream,3
downtown,1
dozen,2
dr,7
draft,1
drama,1
dramatically,1
drawn,2
dreamer,1
drew,4
dribble,1
drink,3
drive,1
driven,1
driver,2
driverless,1
driving,1
drone,2
drop,3
dropped,7
drug,4
duchess,1
dudley,1
due,1
duke,1
dumb,1
dustin,1
duty,1
dy,2
eager,3
earlier,12
early,11
earnings,2
earns,1
ease,3
easier,6
easily,4
easing,1
easy,6
eating,2
eavesdropping,1
eavisthe,1
e-book,1
ecclesiastes,2
echo,4
e-commerce,1
economic,4
economist,1
economy,5
ecosystem,1
eddie,3
eden,2
edited,2
editing,32
edition,12
editionmunicipal,1
editor,1
editorial,1
educated,1
education,1
edward,1
eek,1
effect,2
effectively,1
efficiently,1
effort,7
egan,2
egner,1
eigenvector,1
eight,3
either,3
elaborate,1
elderly,1
elect,4
elected,2
election,78
election-related,2
electoral,7
electricity,3
electronic,5
electronics,1
elena,3
elevate,1
elian,2
elianpeltier,1
eliminate,2
elisabeth,1
elizabeth,6
ellen,1
elliot,1
elliott,5
elon,4
else,2
elsewhere,3
elvin,1
email,63
email?,1
emailed,1
emarketer,2
embarrassment,1
embedded,1
emerged,2
emergency,1
emmanuel,1
emnid,1
emoticon,1
emotion,1
empathetic,1
emphasize,1
emphasized,1
employed,2
employee,37
enabled,1
enables,2
enacting,1
encourage,4
encouraged,1
encouraging,1
encroaching,1
encrypted,1
encryption,1
encrypts,1
end,17
endeared,1
ended,14
ending,3
ending?,1
endured,1
enduring,1
energy,10
enforce,2
enforced,1
enforcement,3
enforcer,1
enforcing,1
engaged,6
engaging,2
engineer,5
engineering,1
england,1
english,2
engulfing,2
enjoy,1
enjoyable,1
enjoyed,1
enjoys,1
enormity,1
enormously,1
enough,10
ensuing,1
ensure,1
entered,6
entertainment,1
enthusiasm,1
entirely,2
entity,3
entrusted,1
environment,2
episode,2
equality,1
equally,1
equilibrium,1
equipped,1
equity,3
equivalent,1
era,1
eric,5
erin,2
erlich,1
ermotti,1
errol,1
error,2
erupted,1
escritt,1
especially,3
espn,1
espoused,1
established,1
ethic,1
ethnicity,1
etiquette,1
eu,16
-eu,2
euan,1
eulogy,2
eunoia,2
euphoria,1
europe,17
european,26
europebriefingnytimes,1
evading,1
evaluate,1
evaluation,1
evans)were,2
even,43
]even,1
evening,1
event,4
eventual,1
eventually,2
ever,5
every,15
everyone,5
''everyone,1
everything,6
everywhere,1
everywhere?,1
evidence,17
evidence-based,1
evidenced,1
evolves,1
evolving,1
exact,2
exactly,4
examine,1
examining,2
example,2
exceeded,1
exception,1
excerpt,1
excess,1
exchange,7
exchanged,1
excitable,1
exciting,1
exclusive,1
excuse,1
executive,72
exemption,1
exercisable,1
exercise,1
exhibit,1
exhibited,1
exhumed,1
exist,2
existence,1
exit,1
exit?,1
expand,6
expanding,1
expect,7
expectation,1
expected,6
expects,4
expel,1
experian,7
experience,6
experience),1
experimental,1
expert,6
expertise,5
explain,14
explaining,3
explains,3
[expletive],1
explicit,4
exploit,1
exploitation,2
exploited,1
explore,1
explores,1
expo,1
exposed,3
exposing,1
exposure,1
expressly,1
expulsion,1
extend,3
extended,2
extensively,1
extracting,1
extraordinary,2
extrapolate,1
extremely,1
eye,3
eyeing,1
face,7
facebook,546
facebook?,1
facebook-cambridge,1
facebookread,1
facebooks,24
faced,8
facie,1
facing,10
fact,8
fact-checkers,1
fact-checking,2
facto,1
factor,1
fade,1
faded,1
failed,5
failing,1
fails,1
failure,6
fair,5
fairer,1
fairfax,1
fairly,1
faith,2
fake,8
fakery,1
fall,5
fallen,4
falling,1
fallout,6
false,5
faltering,1
famed,1
familiar,5
familiar?,1
family,6
fan,2
fan),1
fanfare,2
fang,7
fantasist-charlatan,1
far,6
fargo,3
farmville,1
far-reaching,1
farrow,10
fascination,1
fashion,1
father,2
fathered,1
father-in-law,1
faulconbridge,2
faulconbridge)were,1
favor,1
favorably,1
favorite,3
favorite?thats,1
fear,9
feature,7
featured,1
feb,3
february,6
feckless,1
fed,3
federal,23
feed,5
feel,1
feeling,1
felicity,1
fell,8
fellow,6
felt,5
fewer,5
fiasco,1
field,6
fifth,2
fight,4
fighting,2
figure,6
figure'?,1
file,4
filed,9
filing,5
fill,2
filled,2
film,8
filter,1
filtering,1
final,3
finally,4
finance,7
financial,2
find,12
finding,2
fine,4
fined,1
fine-tune,1
finish,1
finished,3
fink,1
fioretti,3
fire,7
firearm,3
fired,1
firefighter,1
firemalala,1
firewhy,1
firm,55
first,29
first-degree,1
fiscal,3
five,5
fix,1
fixing,1
fla,1
flag,2
floor,1
florida,1
flow,1
focus,2
focused,1
focusing,1
folk,1
follow,14
followed,4
follower,2
following,11
follows,4
follow-up,1
food,3
foot,1
footage,1
football,2
footprint,1
(for,1
force,5
forced,3
forcing,1
foreign,4
forever,1
forgot,1
form,3
formal,5
formally,5
formed,2
former,17
formerly,4
forth,2
forthcoming,1
forty-four,1
forum,1
forward,5
forward-looking,1
fought,1
foundation,12
founded,2
founder,2
fox,3
foxx,1
france,5
francis,1
francisco,9
franciscoseattlecrowds,1
fraud,3
fray,1
free,11
freed,1
freedom,1
french,2
frenkel,7
frenkelmarch,1
frequency,1
frequent,1
frequently,1
fretted,1
friend,29
friended,1
friends',2
friends),1
friendship,1
[from,1
front,4
frustrated,1
frustration,1
ftc,16
fulfill,1
fulfilling,1
fulfills,2
full,8
fuller,1
full-on,1
full-page,4
fully,4
fun,1
function,1
fund,10
fundamental,1
funded,2
funding,1
fund-raiser,1
fundraising,2
fund-raising,2
funeral,5
funny,1
furor,2
furore,1
furthers,1
futterman,1
future,10
futureour,1
g,3
gadget,1
gain,7
gain?,1
gained,9
gaining,1
gallery,1
gallup,1
galvanized,1
game,5
gandhi,2
gang,1
garfield,1
garnered,1
gary,2
gate,1
gather,3
gathered,10
gathering,1
gay,1
geared,1
gebr,1
gender,1
gene,1
general,12
generally,3
generated,2
generation,1
generic,1
genius,1
genomic,8
genomicists,1
genuinely,1
george,1
georgia,2
german,2
germany,9
get,4
getting,3
ghost,1
gi,10
giant,11
girl,2
gitit,1
give,21
given,20
giving,9
glad,1
gleaned,1
glimpse,1
global,12
globaldan,1
globally,1
globe,3
glove,1
glued,1
gmail,2
go,3
go?,1
goal,1
god,1
going,14
gold,3
goldman,4
goldman!,1
gone,2
gonville,2
good,19
)good,1
goodbye,1
goofy,1
google,51
google-parent,1
googler,1
got,18
gove,1
govern,1
governing,1
government,19
governor,1
grab,1
grabbed,1
gradually,1
graham,3
gran,1
grand,1
grander,1
grandiosity,1
grandson,2
grant,3
granted,1
graph,4
(graphic,2
grappling,2
grasp,2
grassley,8
grassroots,1
grave,1
gravely,1
great,13
greater,2
greatest,1
greek,1
greenberg,1
greene,2
greeted,1
greg,1
gregorio)were,2
grip,1
gripping,1
ground,1
groundbreaking,2
group,32
grow,3
growing,10
grows,1
growth,13
guardian,3
guardian],1
guest,4
guidance,1
guideline,2
guild,2
guilty,1
gullane,2
gun,11
gun-for-hire,1
guo,1
guy,11
gynecologic,1
habit,1
hacked,1
hadnt,2
hailed,1
hair,1
half,6
half-mast,2
half-million,1
halt,1
halting,1
hammer,1
hammered,2
hammond,2
hampshire,1
hand,16
handle,6
handled,4
handling,7
handpicked,1
hanging,1
hank,1
happen,6
happened,7
happening,1
happens,2
happiness,1
happy,7
hard,8
harder,2
hardest,1
harsh,1
harvest,6
harvested,12
harvesting,5
hashtag,2
hasnt,4
hassett,2
hassetts,1
hathaway,1
havent,3
hawking,22
hayes,1
hbo,1
he,7
(he,1
head,9
headline,12
headquarters,1
healey,1
health,5
healthy,2
hear,3
hear?,1
heard,4
hearing,29
hears,1
hearse,3
heart,2
heavily,1
he'd,1
hedge,3
height,2
heightened,2
held,6
he'll,1
help,39
helped,12
helping,7
henry,1
here,9
here?,3
hernandez,3
heterosexual,2
hey,2
heyday,1
hi!,1
hide,1
high,10
higher,3
highest,2
high-level,1
highlight,2
highlighted,2
highlighting,1
high-quality,1
high-security,1
hill,9
hillary,2
hire,1
hired,6
hiring,1
historic,1
historical,1
historically,1
history,13
hit,4
hitler,1
hitting,1
hoard,1
hoax,1
hold,11
holding,5
hole,5
holiday,2
hollywood,2
hollywood),1
home,78
homepod,1
hometown,1
honor,1
honored,1
hoodies,1
hoped,2
hopeful,1
hopefully,1
horizon,1
horrible,1
horrific,1
hospitalized,1
host,2
hostile,1
hosting,2
hot,1
hotel,4
hottest,1
hour,2
hours?about,1
house,35
housing,1
howard,1
however,4
hq,1
hsu,2
hug,1
huge,3
human,3
humanitarian,1
hundred,2
hunt,1
hurt,3
hurting,1
ian,2
ianrausten,1
icloud,1
iconic,1
id,3
idea,9
identification,1
identified,3
identify,7
identifying,1
identity,1
idiocracy,5
ignatieff,1
ignite,1
ignore,1
ignored,1
ignoring,1
ii,1
illegal,5
illegally,1
ill-gotten,2
illinois,3
illustrated,1
illustrating,1
illustrative,1
im,14
imagination,2
immediate,1
immediately,11
immense,1
immigrant,2
immigration,2
immunity,1
immuno-oncology,1
immunotherapy,1
impact,10
impacted,1
implies,1
important,5
importing,1
imposes,2
impressed,1
impression,1
imprisoned,2
improper,4
improperly,29
improve,14
improved,1
improvement,1
___in,2
(in,2
)in,1
[in,1
inappropriately,6
inauguration,1
inbox,2
inc,27
incident,1
inclined,1
include,5
included,5
including,33
income,2
increase,4
increased,1
increasing,4
increasingly,4
incredibly,4
independently,2
in-depth,1
index,14
index01001218march,1
india,9
indian,6
india?on,1
indicate,2
indicated,2
indicates,1
indictment,1
indifferent,1
indigenous,1
individual,3
individuals',1
industrial,1
industry,23
industry],1
inevitably,1
infer,1
inferred,1
inflow,1
influence,13
influence-peddling,1
inform,6
information,119
informed,4
infrastructure,3
ingraham,1
ingrained,2
ingram,5
initial,4
initially,2
initiation,1
initiative,8
injury,3
injustice,2
inner,1
innovation,2
innovative,1
inquiry,6
insider,1
insight,3
insisted,1
insisting,2
inspirational,1
inspired,3
instagram,1
installed,2
instance,2
instead,6
institute,1
institution,3
institutional,1
instructed,1
instrumental,1
insufficient,1
integrity,3
intel,2
intellect,1
intellectual,1
intelligence,7
intelligent,1
intend,1
intense,5
intent,1
intention,1
intentionally,1
interaction,1
interest,14
interested,64
interference,1
intern,2
internal,7
internally,2
international,4
internet,17
internet-connected,2
interpret,1
interred,3
interval,1
intervention,1
interview,21
interviewed,1
intimate,1
intriguing,1
introduced,3
introduces,2
intrusive,2
inundated,1
invalid,49
invest,3
investigate,2
investigated,1
investigating,18
investigation,31
investigative,1
investigator,1
investment,8
investor,32
invitation,9
invited,15
invoice,1
invoke,1
invoking,1
involved,9
involvement,2
involves,1
involving,4
iowa,5
ip,1
iphone,1
iphones,1
iq,3
iranthe,1
ireland,2
irreversible,1
isaac,3
island,3
ismail,2
israeli,1
issue,24
issued,4
(it,1
it?,2
it),1
ivanka,1
ive,2
jack,6
jacknicas,1
jae-in,1
jail,1
jalapeo,1
james,11
jamie,1
janata,2
jane,2
january,6
japan,2
jared,3
jarring,1
jaw-dropping,1
jay,1
jd,1
jeff,4
jeffbezos,1
jeremy,2
jesdanun,1
jew,1
jewish,2
jim,1
[jimmy,1
jinping,1
job,10
joel,2
john,4
johnson,1
join,2
joined,5
joining,1
joked,1
jokey,1
jones,4
jong-un,2
joseph,2
journal,3
journalist,6
jourova,4
joy,1
jr,2
judge,6
judgment,2
judicial,2
judiciary,11
julia,7
july,2
jumped,4
jumping,1
june,6
jurisdiction,3
jury,2
justice,8
justified,3
justify,3
justin,1
kahn,2
kamaal,1
kang,4
kangmarch,1
kansa,1
kantar,1
kaplan,1
kardashian,1
karp,1
katarina,3
kate,1
)kathleen,1
kbw,1
keep,10
keeping,1
kemerovo,1
ken,1
kennedy,3
kept,2
kevin,3
key,2
keywords,1
khmer,1
kid,2
kidnapping,1
kill,1
killed,4
killer,1
kim,6
kimberly,1
kind,9
king,4
kingdom,5
kitchen,2
kitty,1
knauf,6
knew,2
knockout,1
know,3
knowing,1
knowingly,2
know?jian-yang,1
knowledge,4
known,11
kogan,8
kogans,2
korea,5
korean,1
kosinski,2
kratsios,1
kremlin,1
kulina,1
kushner,2
la,1
lab,2
labor,1
labour,2
lack,3
lacked,1
lag,1
laharee,2
laid,1
lame,1
lampert,3
lampertput,1
lamperts,1
land,1
landmark,1
landscape,1
lane,2
language,2
laptop,2
large,10
largely,7
largest,15
largest-selling,1
larry,2
lashed,1
last,61
(last,1
late,11
lately,1
latest,11
latter,2
[laughs,2
launch,3
launching,1
laura,1
laureate,1
laurie,1
law,42
lawmaker,48
lawmakers',3
lawmakersfacebook,2
lawsuit,12
lawyer,6
lay,2
le,11
lead,12
leader,16
leadership,4
leading,8
leaf,1
league,1
leak,6
leaked,10
leaking,1
learn,3
learned,3
learning,5
learns,2
least,9
leave,42
leave?,1
leaving,6
led,3
left,11
left-wing,1
legal,9
legally,2
legislation,1
legislator,6
legitimate,1
lending,1
length,3
lengthy,1
lenovo,1
lesbos,1
leslie,1
lester,1
let,4
letter,7
letting,2
level,4
leverage,1
levin,1
levinmarch,1
liability,1
liable,2
liberal,5
liberation,1
libertarian,1
liberty,1
library,1
lied,1
life,16
lifeblood,2
liffey)were,2
lifted,1
lifting,1
light,6
lighthizer,1
lighting,1
like,1
liked,2
likely,6
lily,2
limbo,2
limit,15
limitation,1
limited,4
limiting,2
line,3
lined,1
lining,2
link,9
linked,5
linkedin,1
lipper,1
list,5
listed,5
listening,1
lite,3
literally,1
litigation,1
little,7
liu,2
live,3
livesour,1
lobbied,3
local,5
local)1130,1
local)330,1
local)605,1
location,1
locked,1
lofty,2
log,3
logged,2
logger,1
logging,3
logo,1
london,26
london-based,3
lonely,1
long,4
longer,3
longest,1
long-running,1
long-term,4
look,9
looked,5
looking,6
loosen,1
looser,1
lose,4
loses,2
losing,4
loss,1
lost,14
loud,2
louisiana,2
louisville,1
love,4
loved,2
low,3
lower,2
lowered,2
lowering,1
lowest,1
loyola-chicago,1
ltd,1
luckless,1
lucy,1
ludicrous,1
lumbergh,2
luster,1
luxury,3
lyon,2
m,6
macaskill,1
machine,1
macron,1
macys,1
made,36
madness,1
madness?,1
magistrate,2
magnate,1
maheshwari,1
maheshwarimarch,2
main,4
maintain,1
major,6
majority,1
make,44
maker,5
making,9
malala,1
male,1
mallin,1
man,5
manage,6
management,5
manager,2
manages,1
managing,2
manchester,1
mandate,1
manifestation,1
manipulate,3
manipulated,2
manipulating,1
mankind,1
manufacturer,2
many,33
marathon,1
marc,1
march,32
margin,1
marginal,1
marginally,1
maria,1
marius,1
mark,43
marked,1
marker,1
market,32
marketer,4
marketing,5
marlne,1
marriage,1
married,3
martin,4
mary,3
mass,1
massachusetts,2
massive,6
master,1
match,5
matching,1
material,5
mathematically,1
matt,1
matter,10
matthew,8
maureen,1
maximum,1
maybe,8
mccool)were,2
mcdonald,5
mean,13
meaning,1
meaningful,1
meaningfully,1
meant,2
)meanwhile,1
measure,10
meddle,2
meddling,1
medias,1
medical,7
medicine,7
medicinewhile,1
medium,76
meet,6
meeting,13
melanie,1
melbourne,1
melissa,1
member,12
membership,1
memo,21
memory,1
memphis,1
men,4
mend,1
menlo,1
mention,2
menu,4
mercer,4
merit,1
message,27
messenger,6
met,1
metaphor,1
meted,1
meteoric,1
method,3
mexican,2
mexico,11
-mexico,1
michael,7
michal,1
michigan,1
microchip,1
microphone,1
microsoft,9
microsofts,2
micro-target,1
mid-1980s,1
midday,1
middleditch],1
middleton,3
midst,1
midterm,2
midweek,1
might,16
migrant,1
migration,1
mike,6
mile,1
milestone,1
military,1
militarylike,1
miller,9
million,94
million18,1
million28,1
million38,1
millionaire,1
millionsread,1
millionthere,1
mind,6
mine,3
mined,3
mini,1
minimizing,1
mining,3
minister,11
ministry,1
minneapolispittsburghwhich,1
minor,3
minute,3
minutesdatelineinside,1
mischief,1
misconductwe,1
miserable,1
misfortune,1
misleading,2
misled,1
misrepresented,1
mission,1
mississippi,1
misstated,4
misstep,1
mistake,9
mistakenly,1
misuse,7
misused,3
misusing,1
mnuchin,5
mobile,6
mobile-phone-based,1
mode,2
model,3
modernize,1
modi,5
mogul,1
molecular,2
molly,1
moment,2
momentum,1
money,10
monica,2
moniker,1
monitor,3
monitored,3
monitoring,2
monkeysscreams,1
monopoly,1
month,39
monthly,2
montreal,1
montrealers,1
monument,1
mood,2
moon,1
more?),1
morgan,1
morning,9
morris,1
moscow,1
mosque,1
mosseri,3
mostly,4
mothballing,1
mother,1
motif,1
motor,3
mountain,1
mounting,2
mourned,1
move,8
moved,1
movement,3
movie,8
mozur,1
mr,161
(mr,1
)mr,1
[mr,1
mudd,3
muffett,3
multidisciplinary,1
multiple,7
mumbai,1
mummy,1
munk,1
murder,2
murdered,2
muscle,2
museum,1
music,2
musical,1
musk,4
mussolini,1
must-own,1
mutation,3
muted,1
mutual,1
myfitnesspal,1
nadella,1
nagarajan,1
name,12
naming,2
narendra,3
narrative,1
narrow,1
nasdaq,1
nashville,1
nasr)were,1
natasha,2
natashanyta,1
national,6
native,2
natural,1
nature,1
nbcs,1
near,4
nearly,22
necessarily,5
necessary,2
need,16
(need,1
needed,8
needing,1
needle,1
nefarious,1
negative,3
negatively,1
negotiating,3
negotiation,4
negotiator,1
nellie,2
nelliebowles,1
nelson,2
nerve-agent,1
nervous,1
nest,1
net,1
netflix,6
network,28
network?heres,1
networking,1
neuron,1
neurone,2
never,23
newer,1
newsletter,104
newspaper,15
newsworthy,1
newton,3
next,22
nfl,3
nicas,1
nicasmarch,1
nice,1
niche,1
nicholas,1
nicholls,1
nickname,1
nicolas,1
night,2
nine,3
nine-year,1
ninth,1
nix,10
nobel,1
noble,1
nobody,1
noel,1
nominated,1
non-americans,1
nondisclosure,1
none,4
nonpartisan,1
nonprofit,1
north,8
northern,2
nose-ringed,1
''not,1
(not,1
notable,1
notably,1
notched,1
note,2
noted,4
nothing,2
notice,3
noticed,2
noticing,1
notified,1
notify,2
noting,2
notorious,1
notre,1
november,2
now?,1
nuance,1
number,18
numerous,1
nutrition,1
nyt,3
(nyt),8
(nyt)advertisement,1
nytcanadanytimes,2
(nyt)wed,1
obama-era,1
obey,4
objected,1
objective,1
observation,1
observer,4
observing,1
obstacle,1
obtain,2
obtained,14
obvious,1
occasionally,1
occupied,1
occur,2
occur?,1
occurred,1
october,1
odds,3
off?,1
offensive,1
offer,12
offered,5
offering,7
office,11
office?,1
officer,23
official,20
officially,3
officiated,2
offline,1
often,7
ogilvy,1
oh,4
'oh,1
old,5
older,2
o'leary,1
oligarch,1
oncologic,1
oncologist,2
oncology,5
one,64
one-day,2
online,16
ontario,2
open,4
opened,6
openly,1
openness,2
opera,1
operated,2
operates,3
operating,3
operation,1
operational,1
operative,1
operator,1
opinion,9
opium,1
opponent,2
opportunity,5
opposed,1
opposing,1
opposite,1
opposition,4
opt,2
opted,1
optimistic,1
optimizing,1
opt-in,5
option,12
opt-out,2
oracle,5
orange,1
order,14
ordered,1
ordinary,1
oregon,1
organization,5
organized,1
organizing,2
origin,2
original,3
originally,1
originated,1
orr)were,2
ostensibly,1
osterman)were,2
otherwise,2
ottawa,3
ought,1
ouster,1
outcome,2
outcry,5
outdoor,5
outlet,3
outline,2
outlining,1
outside,9
outstanding,1
overall,3
overcome,1
overhaul,1
overlooked,1
overly,1
overseas,3
overseeing,2
oversees,1
oversight,4
overstock,1
overtime,1
overtook,1
overweight,1
overwork,1
owned,3
owner,5
owns,6
&p,9
pachter,2
pack,2
packaged,2
packed,1
pact,1
page,6
pahl,2
paid,7
painfully,1
pakistan,1
pakistankims,1
pal,2
palantir,23
palantirs,2
pallbearer,1
panchadar,2
panel,3
panmunjom,1
pan-roasted,1
paper,4
paper|subscribe,10
parade,1
paralysis,1
parent,4
paris,3
park,1
parka,1
parked,1
parkland,1
parliament,12
parliamentary,10
part,25
partial,1
participant,1
participating,2
particular,2
particularly,4
partly,2
partner,8
partnership,6
part-time,2
party,29
pas,1
passed,2
passive-aggressive,1
passover,2
password,1
past,17
patent,7
path,3
pathologic,1
pathologist,1
pathway,1
patient,6
pattern,2
paul,3
pay,4
paying,1
payment,2
pc,1
pdf,1
peace,1
peak,3
pedestrian,2
peer,1
peltier,1
peltiermarch,1
penalty,2
pentagon,1
people,116
per,4
percent,103
percentage,2
perception,2
perfect,2
perfection,2
performance,2
performed,2
performing,1
performs,1
period,2
permissible,1
permission,14
permitted,2
perry)were,1
pershing,1
persistence,1
persisting,1
person,14
personal,53
personality,5
personalized,3
personalizing,1
personally,2
perspective,1
persuade,1
persuaded,2
peter,3
petersburg,1
pharmaceutical,1
phenomenon,2
philadelphia,2
philip,1
phone,13
photo,9
photograph,1
photoshop,1
phrase,2
physicist,2
pic,1
pichai,4
pick,1
picking,2
picture,3
piece,2
pied,2
pig,9
piled,1
pilfered,1
ping-pong,1
pink,1
pink-haired,1
pipeline,1
piper,2
piper)were,2
pippa,1
pita,1
pitch,1
pithy,1
pitying,1
pivotal,1
place,12
placed,3
plagued,1
plain,1
plainly,1
plan,13
plan?australiaenglandindiasouth,1
planned,6
planning,1
plant,3
plastic,1
platform,24
plato,1
play,8
played,12
player,3
playing,1
playwright,1
plc,6
pleaded,1
please,101
pledge,2
pledged,2
plenty,2
plight,1
plunge,2
plunged,5
plurality,1
plus,1
pneumonia,1
poem,1
point,14
pointed,3
pointing,1
poisoning,2
polar,1
polarization,1
police,2
policing,1
policy,22
polite,2
political,61
politician,4
politics,3
poll,16
polling,2
poor,1
pop,2
pope,1
popped,1
popping,1
popular,4
popularity,1
popularized,1
pop-up,1
porat,1
pornographic,1
portability,2
portfolio,2
portrayed,2
position,8
positive,4
possibility,2
possible,4
possibly,2
post,16
posted,8
posting,4
posts?,1
potent,1
potential,11
potentially,2
pound,3
powell)were,1
power,7
power-brokers,1
powerful,2
powerhouse,1
practical,1
practice,40
praised,1
precision,2
preclinical,1
predecessor,1
predicted,1
preference,2
preferencesocial,1
preferred,1
pre-internet,1
premium,3
preparation,1
prepared,1
prescribe,1
presence,4
presented,4
presenting,2
preservation,1
presidency,1
president,53
presidential,22
press,3
pressed,3
pressing,4
pressmarch,16
pressure,13
presume,2
pretended,1
pretty,4
prevent,7
preventative,2
prevented,1
preventing,1
prevention,1
previous,2
previously,15
prey,1
price,7
price+300+200+100i,1
priced,1
price-to-earnings,2
prima,1
prime,5
prince,1
principle,2
print,10
printout,1
prior,2
prioritize,1
prioritized,1
priority,2
prison,1
privacy,156
private,13
prize,1
proactive,1
proactively,1
probability,1
probably,8
probe,5
probing,1
problem,6
pro-brexit,5
process,10
procured,1
produce,2
produced,1
producer,2
product,26
prof,1
professional,3
professor,5
profile,28
profiling,3
profitability,2
profitable,1
profit-crimping,1
profit-taking,1
program,4
program?,1
programmer,1
prohibition,1
project,4
projection,1
prominence,2
prominent,3
promise,12
promised,11
promising,1
promoting,1
promotion,1
prompted,3
prompting,1
proof,2
proper,1
property,1
proposal,2
propose,1
proposed,3
prospect,3
prospective,2
protect,26
protecting,7
protection,16
protectionist,1
protest,2
protestant,1
protester,1
protracted,1
proud,1
prove,1
proved,2
provide,11
provided,7
provider,6
provides,1
province,1
provincial,1
provocative,4
provoke,1
provoked,1
pro-wrestling,1
pseudonym,1
psychographic,1
psychographics,1
psychological,8
psychologically,2
psychologist,1
psychometric,1
psychometrics,1
psychopath,1
public,31
publication,1
publicly,6
published,19
(published,1
pull,1
pullback,1
pulled,2
pulling,1
pundit,1
punish,1
punished,1
purchase,1
purchased,1
purchasing,3
purge,1
purpose,2
pursue,2
pursues,1
pursuing,1
push,6
pushing,1
put,1
putative,1
put-down,1
putin,1
putting,1
qualcomm,1
qualified,2
qualitative,1
quality,1
quarter,1
quartet,1
quebec,1
quebecers,1
queen,1
query,1
question,40
questionable,2
questioned,4
questioning,2
questionnaire,1
quick,2
quickly,4
quiet,1
quietly,5
quint,2
quintillion,1
quintuplet,2
quit,5
quite,1
quitting,1
quittingadvertisementby,1
quiz,17
quiz-,1
quizzed,1
quotation,1
quote,7
racing,2
raging,1
rahul,1
rai,2
raise,3
raised,8
raising,1
rakusen,2
rallied,1
rally,3
ran,2
randewich,1
range,7
ranged,1
ranging,1
rank,1
rape,3
raped,1
rapid,1
rapt,1
rare,2
rate,3
rather,5
rating,3
ratio,3
raw,3
raymond,1
reach,6
reached,9
reaching,1
react,1
reacted,1
reaction,2
read,5
[read,1
reader,2
reading,4
ready,1
real,3
realdonaldtrump,1
reality,2
realize,5
realized,1
realizing,1
really,22
ream,1
reaped,1
reason,2
reasonable,2
reasonably,1
reassess,1
reassessing,1
reawakened,1
rebecca,1
rebel,1
rebirth,1
reboot,1
reboots,1
rebounded,2
recalled,1
receive,6
received,13
receiving,5
recent,23
recently,7
reception,2
recharged,1
recipe,1
reckoning,1
recognize,2
recommendation,15
recommended,2
recommending,2
recommends,1
reconciliation,1
reconsider,1
record,10
recording,12
recovered,3
recycling,1
redesigned,1
redesigning,2
redesigns,1
redmayne,3
reduce,4
reduction,1
re-emergethe,1
re-enter,49
rees,3
reese,1
re-explain,3
reference,1
referendum,24
referendum?,1
referred,2
referring,1
refighting,1
re-fighting,1
reflect,2
reflects,1
refocused,1
reform,1
reformer,1
regarding,2
regardless,1
regimen,1
region,1
regular,2
regularly,1
regulate,1
regulated,1
regulation,24
regulator,28
regulatory,8
reiterated,1
reiterating,1
rejected,1
rejecting,1
related,3
relates,1
relation,1
relational,1
relationship,14
relatively,3
relax,1
relaxed,1
released,6
relevant,1
relief,1
relieved,1
relocate,1
reluctant,1
reluctantly,1
remain,6
'remain',1
remained,4
'remainers',1
remaining,1
remains,8
remark,4
remarkable,2
remember,3
remembered,1
reminded,1
reminder,1
reminding,1
remington,2
reminiscent,1
reminiscing,1
remorseful,1
remove,1
removed,1
renaldo,1
renewed,1
renewing,1
renown,1
renowned,1
repair,2
repeated,4
repeatedly,5
replaced,1
replayed,1
replicating,1
reply,1
report,30
reported,19
reporter,5
reporting,10
(reporting,25
represent,1
representative,9
representing,2
represents,1
reprints|,10
reproducing,1
republican,17
reputation,3
request,17
requested,5
requesting,2
require,3
required,4
requirement,4
requires,3
requiring,2
rescinding,1
research,16
researcher,18
resembled,1
reserve,2
resident,3
resisted,2
resolve,1
resort,1
resource,3
respect,1
respected,2
respecting,1
respectively,1
respond,12
responded,3
respondent,2
responding,2
responds,1
response,9
responsibility,6
responsible,3
restore,1
restrict,5
restricted,1
result,15
result?please,1
resurfaced,1
retailer,3
retained,2
retaliate,1
retaliates,1
retaliation,2
rethink,1
retribution,1
return,5
returned,3
retweeted,1
reuters,12
(reuters),8
reuters/ipsos,4
reutersmarch,30
reutersthe,1
rev,2
reveal,1
revealed,3
revelation,23
revenue,12
reversed,1
review,8
reviewed,1
revised,1
revisit,1
revive,1
revolutionary,1
reward,1
rhinoceros,1
richard,6
richards,1
richest,1
rid,1
ride-hailing,1
ridiculed,1
ridiculous,1
riffed,1
right,11
rightfully,1
rightsour,1
ring,1
ripon,6
rise,5
(rising,1
risk,9
rite,1
rival,1
riveted,1
roaming,2
rob,3
robert,4
robot,52
robust,2
rocha,1
roche,2
rock,2
rocket,3
rocky,1
roil,1
role,14
roll,5
rolled,2
room,2
roomful,1
roommate,1
rose,4
roseanne,1
rosenbergmarch,1
ross,2
rotenberg,3
rouge,1
rough,1
roughly,2
rout,1
royal,3
rs/2g9hvrv)advertisementthe,1
rs/2pa8dog)advertisementfacebook,1
rs/2pfhbfn)advertisementfacebook,1
rugby,1
ruger,1
ruin,1
rule,21
ruled,1
ruling,1
rumored,2
run,4
running,4
russia,7
russian,11
russian-american,1
rusty,1
ruth,1
ryan,1
sachs,1
sadness,1
safeguard,6
safety,3
sale,4
salem,1
salmon,1
sam,1
samidh,1
sample,2
san,10
sanction,1
sandberg,4
sanni,3
santa,1
sapna,4
sapnanytimes,1
sarkozy,1
satisfy,2
saturday,1
satya,1
saumyadeb,1
saved,3
saved?,1
saw,2
say,54
saying,16
scale,2
scandal,37
scandal?,1
scandalous,1
scanning,1
schaverien,1
schiappa,1
schmidt,5
school,4
schoolin,1
schroepfer,4
science,2
scientific,3
scientist,12
scl,12
scls,1
scoop,2
scooped,1
scope,1
scott,1
scraped,3
screen,4
screw,1
screwed,1
scrutinize,1
scrutiny,9
scuttled,1
sealed,1
seamless,1
sean,1
search,5
searchable,2
searched,1
searching,1
sears,5
season,9
seat,1
seattle,1
second,11
second-largest,1
secret,2
secretary,8
secretly,3
section,2
sector,8
secure,4
securely,1
security,13
seeing,4
seek,3
seeker,1
seeking,4
seem,2
seemed,7
seems,1
seen,8
seismic,1
sekulow,1
select,50
selected,1
selection,2
self-driving,2
sell,11
seller,1
selling,5
sell-off,1
sell-offs,1
___selsky,1
semiconductor,1
sen,1
sena,6
senate,20
senator,8
send,9
senddonaldtospace,1
sending,5
senior,13
sensation,1
sense,4
sensitive,2
sensitivity,2
sent,8
sentence,1
separate,10
separately,1
september,2
serf,3
sergei,1
sergey,1
sergio,1
series,12
serious,2
seriously,4
serve,3
server,5
service,28
session,3
setting,30
settle,1
settlement,5
settling,1
setup,2
seven,1
several,12
sex,1
sexual,3
shade,1
shady,1
shahmir,2
shakil,2
shalini,1
shannon,1
shape,2
shapiro,4
share,41
shared,23
shareholder,3
sharing,7
sharply,2
shed,1
sheer,1
sheera,8
sheeraf,3
shelter,1
shepardson,1
sherman,1
sheryl,2
shh,1
shift,1
shifting,1
shirata,2
shock,1
shoe,4
shoot,1
shooting,3
shop,2
shopping,3
shoring,1
short,5
short-,1
shortcut,1
shorted,1
shot,1
shouldnt,2
show,18
showed,5
show?had,1
shown,1
showrunner,1
shrinking,1
shuqing,1
shut,2
shutting,3
siberia,1
siberian,1
side,9
sign,12
)sign,1
signal,2
signaled,2
signature,1
signed,10
significance,1
significant,3
significantly,1
signifier,1
signify,1
sign-ins,1
sign?the,1
sign-up,1
silence,1
silicon,22
silver,1
silverblatt,1
similar,5
similarly,1
similarweb,2
simpler,2
simplifying,3
simply,1
simpson,3
sin,1
singer,1
singermarch,1
single,1
single-handedly,1
sink,1
sir,1
sister,3
sitcom,1
site,14
sites?,1
situation,6
six,5
sixteen,1
skate-rat,1
skeleton,1
skeptic,1
skill,1
skripal,2
sky,1
skype,1
slack,1
slave,1
sleeve,1
slightly,1
slipped,1
slope,1
sloppy,1
slow,2
slower,1
slumped,1
sm,2
small,3
smart,9
smartphone,1
smearing,1
smith,3
smout,4
smuggled,1
snapshot,1
sneaker,1
sneezing,2
sniffer,1
snowden,1
snubbing,1
soap,1
so-called,3
social,73
societal,1
society,5
socrates,1
(softbank-backed),1
softbanks,1
software,10
soho,1
soil,1
sold,7
solution,1
solve,1
somebody,1
someone,6
sometimes,2
somewhat,2
sonam,2
song,1
son-in-law,1
sonntag,1
soon,4
sophie,1
sophisticated,4
sophistication,1
sorkin,1
sorkinmarch,1
sorrell,1
sorry,4
sought,10
sound,2
sounded,1
source,9
soured,1
south,2
southeast,1
s&p,2
space,8
space],1
space-themed,1
spacex,3
spain,2
spare,1
sparked,4
speak,4
speaker,5
speaking,1
speaks,1
spearheaded,1
special,6
specialize,1
specially,1
specific,4
specifically,1
specified,1
specify,2
spectacle,1
speculated,1
sped,3
speech,2
speed,1
spell,2
spending,8
sphere,1
splitting,1
spoke,7
spokesman,3
spokeswoman,11
spontaneous,1
sport,8
sportswear,1
spotlight,3
spread,6
spreading,1
spring,1
sprint,2
spy,3
spyware,1
square,2
squashing,1
st,4
stab,1
stacked,1
staff,11
stage,1
stake,7
stamos,1
stamp)were,1
stance,1
stand,3
standard,3
standing,2
stanford,1
stanley,1
star,2
starker,1
start,6
started,4
starting,3
start-up,3
start-ups,1
state,50
stated,2
statement,46
stating,1
stationthe,1
statistical,1
statusphysical,1
statute,1
staub,2
stay,5
stayed,1
staying,1
steady,2
steel,1
steele,1
steep,2
steer,1
steering,1
stem,1
stemming,1
step,16
stephanie,1
stephen,6
steven,4
steward,1
stewardship,1
stewart,1
stick,1
still,28
)still,1
stimson,1
stir,1
stock,56
stole,1
stolen,2
stood,2
stop,6
stopped,3
store,7
stored,2
stormy,1
story,15
story?advertisementit,1
stranded,1
stranger,1
strategic,1
strategically,1
strategist,1
streaming,2
street,16
strengthen,1
stress,1
stressed,2
stressful,2
stretch,1
stricter,4
strictly,3
stride,1
string,1
stringent,2
stripping,1
strong,4
strongly,7
struck,3
struggle,1
struggling,1
student,8
student-led,1
study,5
stuff,6
stung,1
stunningly,1
sturm,1
subaru,1
subject,8
subject?,1
submit,2
subscribe,50
subscriber,1
subsequent,1
subsequently,2
subsided,1
subsidiary,3
substance,1
substantial,7
substantially,1
subtle,1
subvert,1
subway,2
succeed,1
success,2
successful,1
suck,1
sudan,1
sudden,1
sued,2
suffered,1
sufficient,1
suffocating,1
suggested,5
suggesting,4
suggestion,4
suggests,2
suing,1
suit,2
summary,1
summer,4
summon,1
summoned,3
summons,1
sundar,4
super,2
supplant,1
supplied,1
supplier,1
support,9
supporter,3
supporting,4
supposed,3
suppression,1
surface,1
surfaced,1
surge,1
surged,2
surpassed,2
surprise,2
surprised,1
surprisingly,1
surreal,1
surrounding,1
surveillance,2
survey,6
survival,2
surviving,1
survivor,3
susan,2
suspect,1
suspended,2
suspends,1
sustained,2
[suzanne,1
swath,1
sway,2
swaying,1
sweetener,1
swift,1
swiftly,1
switch,1
switzerland,1
swung,4
symmes,3
system,10
systemic,1
table,1
tablet,2
tackle,1
tactic,3
take,23
takemr,1
taken,9
takeover,1
taking,13
tale,1
talented,3
taliban,1
talk,13
talked,1
talking,6
taller,1
tally,1
tamper,1
tamsin,1
tangible,3
tap,2
target,33
targeted,15
targeting,10
tariff,8
tarini,2
task,2
taste,1
taunting,1
tax,15
taxation,2
taxcutsjobsact,1
tayler,1
team,9
teamed,1
tearful,1
tech,40
tech-driven,1
tech-heavy,1
technica,3
technical,4
technique,2
technological,3
technologies],1
technology,41
techno-sociologist,1
ted,1
tedious,1
teen,1
teeth,1
telegraph,3
telephone,3
television,4
tell,1
telling,3
telltale,1
tempe,1
temporarily,3
ten,5
tended,1
tends,1
tennessee,1
tension,3
term,10
terrible,1
territory,3
terrorist,4
tesla,3
tessa,1
test,3
testified,3
testifies,1
testify,45
testimony,15
testing,5
tests?,1
testy,1
text,18
(text),1
thank,2
thanks,2
thatfacebook,1
thats,12
that?yeah,1
(the,2
)the,1
[the,6
theater,1
them?,1
theme,1
theory,4
therapy,4
there,11
theresa,1
theyll,1
theyre,8
they're,1
thiel,3
thing,31
think,86
thinking,2
third,11
third-party,24
thomas,3
[thomas,1
though,11
(though,1
thought,9
thousand,4
thread,1
threat,3
threatened,1
three,8
throne,1
throughout,1
throw,2
thrust,2
thus,1
thusly,1
tibetan,1
tie,3
tied,2
tiffany,2
tiffkhsu,1
tighten,1
tightrope,2
tim,2
tim_cook,1
time,120
timed,1
timeline,2
timelines?,1
times],2
times]tips,1
timing,1
timothy,3
tiny,2
tip,1
tissue,1
tit-for-tat,1
title,1
titled,1
today,14
toensing,1
together,11
toll,1
tolled,1
tom,2
ton,1
tone,1
tongue-in-cheek,1
tonight,1
took,13
tool,17
top,7
topic,2
topped,1
top-up,3
toronto,2
total,5
touch,1
tough,2
tougher,8
toughest,1
tour,1
tournament,6
tourney,1
toward,3
towards,1
tower,1
towering,1
town,2
toxicity,1
traced,1
track,4
tracked,1
tracking,2
traction,2
trade,31
traded,3
trading,3
tradition,2
traditional,4
traffic,1
trafficking,1
tragic,1
trail,1
train,2
trait,1
tran,1
transcription,1
transfer,1
transferring,2
transformation,1
transformed,1
transmitting,1
transparency,3
transparent,4
transunion,5
trashed,1
travail,1
travel,1
traveled,2
traveling,1
treasury,5
treat,1
treated,1
treatment,9
trek,1
trial,5
tribulation,1
tribune,1
tribute,2
trick,2
tried,4
trigger,2
triggered,2
trinity,1
trip,5
tripadvisor,1
tripathy,1
tripling,2
triumphed,1
trouble,3
troubled,1
trove,2
truce,1
truck-hailing,1
true,2
trump,92
trump?,1
trump-affiliated,6
trumpbaffled,1
trump-connected,1
trust,26
trustworthy,1
truth,4
try,11
trying,8
t-shirt,1
tuesday?8,1
tufekci,4
tumble,1
tumbled,3
tumbling,1
tumor,5
tumultuous,1
tune,1
turkey,1
turmoil,1
turn,4
turnabout,1
turned,10
turnover,1
tv,5
tweet,7
tweeted,4
twice,3
twitter,35
two,27
two-year-old,1
type,6
typical,1
typically,1
typing,1
u,73
uber,5
ubera,1
ubers,1
ubs,1
ugly,3
uk,1
ultimately,4
unable,4
unanswered,1
unauthorized,2
uncertain,3
unchanged,2
uncheck,2
unclear,2
uncomfortable,1
undecided,1
underage,1
underbelly,1
underdog,1
undergone,1
underlying,2
undermine,1
undermined,1
undermining,1
underpin,1
under-represented,1
underscore,1
understand,4
understanding,1
undertaken,2
undervalued,1
undocumented,1
undoubtedly,1
uneasy,1
unequivocally,1
unethical,1
unfair,4
unflattering,1
unfolding,1
unfounded,1
unfriended,1
unicorn,1
unicorn',1
union,18
unique,1
unit,3
united,44
[united,1
universe,2
university,15
unlike,1
unlikely,1
unnamed,3
unpopular,1
unprecedented,3
unprompted,1
unrelated,1
unsaid,1
unspecified,1
unsuccessful,2
unsuccessfully,1
untangling,2
untrue,1
unusual,2
unveil,1
unveiled,1
unveils,1
unwilling,1
unwillingness,1
update,7
updated,5
upfront,1
upgrade,1
upis,1
uploaded,4
uploading,1
uproar,4
upset,2
up-to-date,1
urged,7
urging,1
us,13
usa!,2
usage,3
usechristopher,1
user,189
(users,1
users',30
usg,9
usgs,2
using,26
usually,1
utc,1
utilised,1
utilized,1
utilizing,2
uttering,1
v,1
vague,1
validity,1
valley,22
valuable,4
valuation,2
value,12
vanity,1
variety,1
various,1
vast,3
vega,1
vegan,1
vehicle,1
venezuelan,1
ventured,1
vera,1
verbal,1
verge,2
verified,2
verify,53
vernacular,1
version,17
via,7
vice,10
victim,4
victoria,4
victory,4
video,7
videogames,1
view,57
viewed,7
viewer,2
viewing,1
village,2
villanova,1
vincent,1
violated,5
violates,1
violating,4
violation,5
violence,2
violent,1
virtual,1
virtual-,1
virtually,1
visa,1
visible,1
visit,2
visited,3
visiting,2
visitor,1
vista,1
visual,1
vital,1
vladimir,1
vocabulary,1
vocal,1
voice,10
volume,1
volunteer,5
volz,1
vote,35
voted,4
voter,43
voteread,1
voter-targeting,1
votesnorth,1
vow,1
vox,1
vulnerability,1
wagered,1
wait,1
waiting,2
wake,5
walked,1
wall,14
wal-mart,1
want,27
(want,1
wanted,6
wanting,2
war,9
ward,2
wardrobe,1
wariness,1
warmed,1
warms,1
warned,2
warner,2
warning,2
warns,1
warrant,1
warren,1
wary,2
washington,16
washingtonpost,1
wasnt,4
watch,2
watchdog,6
watched,1
watching,1
wavering,1
way,5
weak,3
wealthy,5
weapon,1
wearing,1
web,3
website,19
wed,1
wedbush,3
wedding,2
week,78
week?,1
weekday,1
weekend,5
weeknight,1
wei,1
weight,2
weird,2
welcome,3
well,2
well-crafted,1
wellington,2
)wells,1
well-wisher,2
went,5
___were,1
werent,1
western,1
westminster,3
weve,4
we've,5
]what,1
what?citizenship,1
whatever,2
what?our,1
whats,3
whatsapp,1
wheelchair,1
whenever,1
whether,29
whisper,1
whistle,1
whistleblower,27
whistle-blower,7
whistleblowers',1
whistling,1
white,16
whiz,1
who,1
whole,2
whose,4
wide,1
widely,4
widened,2
widening,1
wider,2
wide-ranging,1
wieser,5
wiesers,1
wife,3
wild,1
'wild,1
willful,1
william,5
williams,1
williamson,2
willing,1
will-power,1
wilson,1
win,4
wind,1
winding,3
window,1
windsor,1
wine,1
winning,2
winter,1
wiped,2
wireless,2
(wiretap,1
wisconsin,1
wisdom,1
)with,1
withdraw,1
withdrawal,2
witness,2
woe,1
woman,5
wonder,2
wonderful,1
woods],1
word,2
work,55
worked,22
worker,5
working,16
workplace,1
worksthe,1
world,32
worldwide,2
worried,7
worse,2
worst,5
worth,3
would,80
wouldnt,1
wounded,1
wpp,7
wrestler,1
wrestling,1
write,2
writer,3
writes,1
writing,5
(writing,2
written,4
wrong,9
wrongdoing,4
wrongful,2
wrongly,4
wrote,28
wsj,4
(wsj),1
wunderkind,1
wylie,77
x,1
xi,2
yahoo,2
yang],1
yeah,4
year,55
yearlong,1
yelling,1
yi,1
york,87
york/san,1
youd,1
young,2
youngest,1
you?on,1
_____your,1
youre,4
yousafzai,1
yousafzais,1
youtube,1
youve,3
yulia,1
[zach,1
zaharia,1
zealand,3
zellner,2
zero,1
zeynep,2
zhong,1
zip,1
zoo,2
zuckerberg,115
zuckerbergs,1
zynga,1
