',1
000,46
000-strong,1
$1,1
10,6
100,5
(100,1
$100,1
101,1
1015,1
10-20,2
1033,1
1039,1
1051,1
107,1
108,2
(109,1
(10-foot-high),1
11,9
110,2
1112,1
___1115,1
1118,1
1130,1
1136,1
1138,1
114,1
12,1
120,3
1206,1
122,1
1232,1
1238,1
124,1
1247,2
1253,1
(13,2
130,6
132,2
134,1
137,1
14,1
142,2
14-member,1
15,9
150,1
$150,1
155,1
15-minute,1
17-year-old,2
18,2
180,1
18-year-old,1
1946,1
1971-2000,1
1984,1
1999,2
2,8
20,2
200,1
(200,1
$200,11
2001,1
2005,2
2006,2
2007,2
2011,9
2012,3
2013,13
2014,15
2015,15
2016,13
2017,7
2018,82
2018)much,1
2019,1
2019the,1
2020,1
2030,1
2040,1
21,4
215,1
217,1
227,1
229,2
23,3
230,1
232,1
24,1
240,2
247,2
25,21
256,1
25-year-old,2
26,12
27,10
28,12
29,11
29th,1
3,3
(3,1
30,15
$30,1
300,3
308,1
30-day,2
31,8
32,2
320km,1
335,2
33-year,1
33-year-old,1
347,1
35,1
352,1
36,2
36-year-old,1
375,1
38,2
3-meter-high,1
3st,1
4,5
40,3
400,4
435,2
44,3
444,1
445,1
44-year-old,1
459,2
47,1
48,3
5,10
50,2
500,8
526,1
56,1
6,2
60,2
600,7
602,1
605,1
609,1
614,2
621,1
629,1
641,1
65,4
656,1
7,5
$70,1
715,1
729,2
72-hour,1
739,1
744,1
75,3
754,1
77,2
8,2
80,2
808,1
815,1
846,1
850,1
9,1
(9,2
900,2
911,1
944,2
948,1
95,2
956,1
98,2
(a,2
a10,2
a5,1
a6,1
abandon,1
abandoned,1
abandoning,3
abdel,1
abdeslam,1
abdo,1
abducted,1
abdullah,1
abetting,1
ability,3
able,6
abouzeid,6
abouzeids,2
abrupt,3
absence,1
absolutely,2
abu,2
abuse,1
accent,1
accept,2
acceptable,2
accepted,5
accepting,1
access,6
accession,4
accidental,1
accolade,1
accompany,1
according,27
account,5
accountability,1
accountable,2
accusation,1
accused,13
accusing,4
achieve,5
achieved,1
acknowledge,2
acknowledged,3
acknowledging,1
acronym,6
across,21
act,18
acting,2
action,13
active,3
activist,5
activity,9
actor,1
actually,1
acute,1
acutely,1
adamant,1
adapt,3
add,2
added,26
adding,6
additional,6
(additional,7
address,50
addressed,1
adecar,2
adherence,1
adler,1
administration,30
administrative,1
adrian,2
adult,2
advance,11
advancing,1
advertisementa,4
advertisementabout,2
advertisementafter,1
advertisementanadolu,1
advertisementand,1
advertisementanother,1
advertisementarmy,1
advertisementas,1
advertisement___associated,2
advertisementat,2
advertisementbasel,2
advertisementbirqdar,2
advertisementboth,2
advertisementbritain,1
advertisementbrussels,1
advertisementbut,3
advertisementby,67
advertisementcollapsesee,1
advertisementcrude,1
advertisementdeputy,1
advertisementdespite,1
advertisementdunbar,1
advertisementerdogan,1
advertisementexplosive,2
advertisementfor,1
advertisementformer,1
advertisementfrench,1
advertisementgadzhimagomedov,1
advertisementglobally,1
advertisementharasta,1
advertisementhowever,1
advertisementi,2
advertisementidlib,1
advertisementin,4
advertisementisrael,1
advertisementit,2
advertisementlife,1
advertisementmacron,1
advertisementmanbij,2
advertisementmany,2
advertisementmattis,1
advertisementmerkel,1
advertisementmr,2
advertisementms,3
advertisementno,1
advertisementpro-government,1
advertisement(reporting,3
advertisementriyadh,1
advertisementsergei,1
advertisementsince,2
advertisementsources,2
advertisementspeaking,1
advertisementsupported,4
advertisementtens,2
advertisementthat,1
advertisementthe,26
advertisementthere,2
advertisementthousands,1
advertisementtop,1
advertisementtrump,3
advertisementturkey,4
advertisementturkish,1
advertisementu,2
advertisementunder,1
advertisement(writing,1
advertisementyet,2
advertisementyou,1
advise,1
adviser,12
advocate,5
advocated,2
affect,1
affected,2
affiliate,4
affirmatively,2
affirmed,1
affliction,2
afghan,4
afghanistan,14
afraid,2
africa,25
african,3
africom,2
afrin,38
afterlife,1
aftermath,1
afternoon,4
age,1
agency,19
agent,12
aggression,3
aggressive,2
aging,2
agree,5
agreed,16
agreeing,2
agreement,22
ahead,1
ahmed,1
ahrar,7
aid,15
aide,6
aided,1
aiding,1
aim,1
aimed,2
aiming,3
aine,1
air,19
airport,2
airpower,2
airstrike,4
airstrike?,2
airstrikes,9
ak,1
akbar,1
akbar!,1
akin,2
al-abadi,1
al-ahmed,1
alain,4
alan,1
al-arabiya,2
alarm,3
alarmed,3
al-assad,7
al-assads,1
alastair,2
alawite,7
alawites,4
al-baghdadi,2
albanian,2
aleppo,4
alert,1
alexanda,1
al-falih,1
algeria,6
algerian,2
al-hassan,1
ali,6
al-ikhbariya,3
al-islam,22
alison,2
alissa,8
alissanyt,1
al-ittihad,1
alive,4
al-khadr,2
al-khalidi,2
al-kul,2
(all,1
allahu,2
allegation,2
alleged,1
allegedly,1
allegiance,2
alliance,13
allied,25
alliesadvertisementankara,1
alloush,1
all-out,2
allow,7
allowed,6
allows,1
ally,45
al-manar,2
almost,7
al-muslimin,1
al-nusra,2
alone,2
along,13
alongside,10
aloud,2
al-qaida,7
al-qaida-affiliated,1
al-qaida-linked,2
al-rahman,18
already,5
al-sayegh,1
al-shabab,1
al-sham,7
al-sharif,1
altered,1
alternative,2
alternatively,1
although,7
aluminium,1
al-watan,2
always,1
al-za'atari,3
al-zawahiri,1
al-zor,1
amassed,2
amassing,1
ambassador,9
ambiguous,2
ambitious,1
ambush,3
america,10
american,57
american-backed,1
american-funded,1
american-led,2
americans',1
american-supplied,1
amid,1
amman,2
ammar,1
ammunition,1
amnesty,1
among,10
amount,3
amounted,2
anadolu,3
analysis,1
analyst,2
ancient,4
andrea,1
andrew,2
andrey,1
andy,2
angela,3
angered,1
angry,1
angus,4
ankara,19
anna,1
anne,2
announce,2
announced,14
announcement,1
announcing,2
anonymity,7
another,13
ansar,1
answer,6
answering,2
anti-is,2
antonie,2
antony,1
anymore,1
anyone,3
anywhere,1
apart,2
apartment,2
appeal,2
appear,1
appearance,2
appeared,7
appears,9
appease,1
appeasing,1
appetite,1
applauded,1
applicant,1
application,2
applied,2
applies,1
apply,2
apprentice,3
apprenticeship,3
approach,8
appropriate,6
approve,1
approved,3
approximately,3
april,2
aq,2
aqim,6
arab,9
arabia,9
arabic,7
arab-kurdish,1
aramco,3
arbeen,9
arbin,1
arch-foe,1
area,72
arena,2
arent,2
argue,1
argued,1
arm,14
armed,18
armenia,2
armored,1
army,50
arnaud,6
around,27
arrange,1
arranged,2
arrangement,3
array,1
arrest,4
arrested,6
arrive,2
arrived,8
arrives,1
arriving,5
arsuz,1
art,4
article,8
artificial,2
artillery,5
artist,4
artistic,1
aside,2
ask,1
asked,13
asking,4
asleep,1
ass,4
assad,21
assads,1
assailant,5
assassination,6
assault,12
assaulted,3
assemble,1
assembly,2
assessing,2
assessment,2
asset,1
assigned,1
assist,1
assistance,11
assisting,1
associate,1
associated,24
___associated,3
association,4
assume,1
assurance,1
assured,3
assyrian,2
asthmatic,2
atiya,2
atlantic,3
atop,1
atrocious,1
atrocity,2
attached,1
attack,66
attacked,1
attacker,17
attacking,2
attempt,10
attempted,2
attended,5
attending,1
at-times,1
attitude,1
attorney,1
aude,1
august,3
aurelien,1
austin,2
australia,2
australian,2
author,1
authoritarianism,1
authority,14
authorized,2
automotive,1
autopsy,3
averted,1
avoid,4
awarded,1
aware,1
away,9
awkward,1
ayman,1
azidad,2
b2,1
back,25
back?,1
backed,3
-backed,5
backer,2
background,1
backing,2
baczynska)were,2
bad,3
badly,1
baghdad,3
bajolet,5
baker,1
baker)were,1
bakkar,2
bakr,2
balance,2
balanced,1
balancing,1
ban,4
bandaged,2
banking,1
banned,1
banning,1
bar,1
baraachit,1
barada,2
bare,1
bareheaded,1
barnard,2
barrage,2
barred,2
barrel,3
barrier,1
barring,2
barrington,7
base,7
based,16
baseless,2
baseline,1
basement,3
bashar,17
bashar),2
basic,2
basis,3
bastion,2
battalion,3
battered,1
battle,5
battlefield,2
battling,1
bay,1
bayraqdar,4
bbc,3
beach,4
beard,1
bearing,2
beasley,7
beat,2
beaten,1
beatle,1
beatles,1
became,2
become,6
becoming,2
bedeviled,1
began,23
begin,3
beginning,1
begun,4
behalf,2
behavior,2
behaviour,1
beheading,2
behind,9
beirut,21
beit,1
bekir,1
believe,4
believed,8
bell,2
belmokhtar,4
belong,2
belonging,9
belt,2
beltrame,43
beltrames,1
bemoaned,1
beneath,1
benefit,1
bengaluru,1
benghazi,10
benkoe)were,1
beret,2
berlin,4
bernard,1
besides,1
besieged,7
best,8
bestows,1
bethany,1
betrayal,1
better,3
beyond,7
bhanu,1
bid,2
bieren,1
big,3
bigg,2
bigger,1
biggest,6
bilateral,1
bilginsoy,2
bill,4
billboard,2
billed,1
billion,2
bin,1
birqdar,6
birth,1
bishop,8
bit,2
bitter,1
bitterly,1
black,7
blackened,1
blackmail,1
blair)were,1
blame,1
blamed,3
blaming,1
blast,5
blasted,4
blew,1
blink,1
blistering,1
bloc,5
block,1
blocked,1
blok,1
blood,3
blow,1
blowback,1
blue,1
blunt,2
blur,2
board,4
boardadvertisementcollapsesee,1
boardby,1
boarded,3
boarding,2
boardopinionthe,1
boasting,1
body,8
boeing,1
bogdanov,1
boko,1
bolster,4
bolton,4
bomb,8
bombardment,14
bombataliev,1
bombed,2
bombing,6
bond,4
bone,1
book,3
boosted,2
border,32
bordering,2
borders!,2
born,4
borsuk)were,2
bought,1
bound,2
box,48
boy,3
bozdag,2
bragg,1
brainwashed,1
branch,7
brand,1
branded,1
brandishing,1
brave,2
bravely,2
bravery,4
break,1
breeden,1
bridge,3
briefing,2
briefly,5
bring,1
bringing,1
brings,1
britain,11
britain-based,5
british,19
british-born,1
broad,2
broader,4
broken,1
brokered,2
brooklyn,1
brother,3
brother-in-law,1
brothers?,1
brought,4
bruce,2
brunnstrom,3
brussels,1
brutal,2
brutality,1
bucket,1
budapest,1
buffer,2
build,1
building,11
buildup,2
bulgaria,4
bulgarian,1
bulk,1
bull,2
bullet,1
burden,2
burkina,3
burkinabe,1
burn,2
burning,2
bus,34
bused,4
bustling,1
(but),1
butcher,7
butchery,2
butler,3
buy,1
buying,1
buzzing,1
byby,3
byeditorialby,1
-c,1
c3,1
cadence,1
cafe,1
cage,1
calculated,1
caliphate,6
call,16
called,16
calling,9
calmed,1
calmly,1
camera,2
camp,3
campaign,32
campaigned,2
campaigning,2
campbell,2
can,1
canberra,1
cancer,1
cannot,6
cant,1
cap,1
capacity,3
capital,18
capped,1
captain,1
captive,3
capture,3
captured,5
car,6
caravan,1
carbonnel,3
carcassonne,18
card,1
care,11
carefully,1
carolina,1
carrel,1
carried,8
carry,1
carrying,7
cart,1
cartel,1
case,11
case-by-case,1
cash,2
cashier,5
casualty,2
catastrophic,1
catch,1
catherine,2
caught,4
cause,2
caused,2
caution,1
cawthorne,1
cease-fire,3
cede,2
ceded,1
ceding,2
celebrating,2
celebration,1
cell,4
cellphone,1
cement,3
cemetery,1
center,13
central,6
centre,2
century-old,2
cerdan,3
ceremony,4
certain,5
certainly,3
chad,6
chain,1
chaired,1
challenge,3
chance,1
chancellor,2
change,7
changed,2
chant,1
chaotic,2
chapter,2
character,8
charge,4
charged,1
charity,2
charlton,2
cheapens,1
cheating,1
chechen,1
chechnya,1
check,1
checking,2
checkout,1
checkpoint,1
cheered,1
chemical,5
chief,5
chiefly,2
child,26
chilling,1
chilly,1
chivers,2
chlorine,2
chmaytelli,2
choice,8
chose,2
christian,5
chronically,1
chuck,1
church,2
circulated,2
circumstance,1
cited,1
citing,11
citizen,3
citizenship,4
city,40
civic,2
civil,9
civilian,47
claim,5
claimed,8
clambered,1
clambering,1
clarification,2
clarify,2
clarity,1
clash,3
clashing,1
clear,12
cleared,1
clearly,1
cleveland,1
clicking,48
climate,1
climb,2
clinic,1
clinton,1
cloak,1
close,8
closed,1
closely,1
closest,3
clothes,2
cloud,1
clout,2
club,2
cluster,1
coalition,43
coalition),1
coast,3
coastal,4
coat,1
codrea-radomarch,1
cohn,1
coi,2
(coi),1
col,8
cold,1
collaborating,1
collapse,3
collapsed,4
colleague,2
collected,1
collective,2
collision,1
colonel,19
color,1
combat,4
come,19
coming,26
coming?i,1
command,21
commander,10
commensurate,2
comment,24
commercial,1
commission,3
commissioned,1
commitment,8
committed,11
committee,11
committing,1
common,2
commonness,1
community,18
company,2
compared,3
comparing,1
competition,1
complained,2
complete,8
completed,1
completely,4
complexity,2
complying,1
composed,2
comprehensive,1
comprises,2
compromise,2
computer,4
comrade,1
conceptual,1
concern,12
concerned,3
concerted,2
concluded,1
concrete,3
condemning,1
condensed,1
condition,8
conducted,8
conducting,3
conference,8
confidence,1
confident,1
confirm,1
confirmed,12
conflict,20
conflicted,1
conflict-wracked,2
confront,2
confrontation,3
confrontational,1
confusing,1
congratulate,1
congress,1
congressional,1
connected,2
conquest,1
conscription,3
consecutive,1
consequence,1
conservative,2
consideration,1
considered,6
considering,1
considers,7
conspiracy,1
constant,2
constantly,1
constitute,1
construct,1
consulate,2
consultancy,1
contact,7
contacted,1
contender,1
context,2
contiguous,2
continent,2
contingent,1
continually,5
continuation,2
continue,8
continued,9
continues,4
continuing,4
contracted,1
contractor,3
contrast,1
contributed,12
contributing,1
contribution,1
control,47
controlled,12
controlling,3
conversation,3
converted,1
convey,2
convicted,1
convinced,3
convoy,4
cooper,2
cooperate,5
cooperation,7
co-opted,1
coordinate,2
coordinated,2
coordination,3
coordinator,2
copper,1
core,1
corpse,2
corrected,1
corrects,1
corruption,1
cosmopolitan,1
cost,1
costal,1
could,57
couldnt,2
council,30
counsel,1
counter,5
counterpart,5
counterterrorism,12
counter-terrorist,1
countless,1
country,59
countryside,1
coup,1
couple,4
courage,3
courageous,1
course,3
court,6
cover,4
covered,8
crackdown,1
cracked,1
cracking,2
crash,3
crashed,2
cream,1
create,2
created,3
creating,4
creature,2
credit,1
crescent,2
crew,1
crime,20
criminal,8
crisis,7
crisscrossing,2
critic,3
critical,5
criticised,1
criticism,4
criticize,1
criticized,1
critique,1
crony,1
cross,11
cross-border,2
crossed,3
crosse)were,1
crossing,2
crowd,6
crowding,1
crown,4
crucifixion,1
crude,2
cruelty,1
crumb,2
crushed,1
crushing,2
culmination,3
cultural,3
curb,1
curfew,1
curious,1
curiously,1
current,3
currently,6
cusp,1
custom,1
customer,4
cyberattacks,1
cycled,1
cyprus,1
daesh,3
daily,8
dalgleish)were,1
damage,1
damascus,36
damascus',2
danger,2
dangerous,3
dangling,2
daniel,4
danny,1
daraa,2
dare,1
daren,3
dark,1
date,4
daughter,7
david,15
davis,1
dawa,1
dawn,2
dayton,1
dead,7
deadlier,2
deadline,1
deadlocked,1
deadly,11
deal,41
death,16
death!she,1
debate,3
deborah,2
dec,3
decade,7
decades-long,3
decades-old,1
deceased,1
december,6
decided,6
decision,16
decisive,1
declan,4
declaration,5
declared,7
declaring,1
declined,4
deeb,1
deems,1
deep,3
deeper,2
deeply,5
defeat,17
defeated,4
defeating,2
defector,1
defence,4
defending,1
defense,20
defensive,2
defuse,1
defused,1
defusing,1
degrade,2
degree,1
dehumanized,1
deir,1
delay,6
delaying,1
delegation,8
deliberation,2
deliberationsthe,2
delivered,5
delivering,3
demand,6
demanded,4
democracy,2
democrat,4
democratic,6
demographic,3
demonstrate,1
demonstrated,2
demonstration,1
demoralizing,1
denial,2
denied,6
denies,1
denis,3
deniz,1
denounced,2
densely,1
deny,5
depart,2
departed,2
departing,3
department,35
departure,1
depche,1
depending,1
depicting,2
depicts,1
deployed,10
deployment,1
depredation,1
deprived,2
deputy,3
descent,1
describe,1
described,8
describing,1
desert,4
desertion,1
designate,1
designated,1
designed,1
desire,4
despite,12
destabilize,1
destabilized,1
destination,1
destroy,2
destroyed,5
destruction,2
detail,4
detained,7
detainee,3
detention,3
deteriorated,2
deteriorating,1
determine,1
determined,1
determining,2
detonated,2
devastation,1
developed,1
development,4
device,12
devicessearches,2
devoid,1
devoted,2
devotion,2
diabolical,1
dialogue,6
diane,1
diarrhea,1
die,7
died,10
difference,2
differencesnews,1
different,4
difficult,10
difficulty,2
diffuse,1
diminished,1
dinner,1
diplomat,6
diplomatic,5
dire,1
direct,2
directed,1
direction,1
directive,2
director,5
directorate,2
directs,1
direkt36,4
dirt,5
disagreed,1
disappear,1
disappointed,2
disarm,1
disarmed,1
disclose,4
disclosed,1
discovered,2
discretion,1
discus,6
discussed,7
disease,3
disengage,1
disillusioned,1
dismissed,3
dismissing,1
dismissive,2
disparaged,1
displaced,11
displacement,5
display,1
displayed,1
dispute,2
disrupt,1
dissolve,1
dissuade,1
distanced,2
distancing,1
distracting,1
district,6
disturb,1
diversify,1
divided,2
divide?i,1
division,1
divorce,1
divorced,1
documentation,1
documenting,1
doesnt,1
dolan)were,1
dollar,2
domestic,3
dominant,2
dominate,1
dominated,2
dominic,2
donald,18
donate,1
door,4
douard,1
double,1
doubled,2
doubt,2
douma,43
douma-based,2
downfall,1
downplay,1
downward,1
dozen,8
draft,1
drafted,1
drain,1
drawn,5
dream,1
dreary,1
dressed,2
drew,2
drian,1
dried,1
drifted,1
drill,2
drinking,1
drive,5
driven,5
driver,2
driving,3
drone,11
drop,2
dropped,1
drought,1
drove,1
drug,3
drying,1
du,1
dual,1
dubai-based,1
due,1
dumping,1
dunbar,3
(dungeons,1
dutch,3
duty,2
dy,2
dying,1
eager,1
earlier,20
earliest,1
early,14
earned,1
east,24
easter,3
eastern,95
east-west,1
easy,1
ecce,1
ece,1
echoed,1
economic,4
economy,2
edge,5
edited,1
editing,45
edition,6
editorial,3
edmund,1
educational,1
effect,2
effectively,3
effectiveness,1
effort,24
egg,1
egyptian,1
eight,3
eighth,1
eight-week,2
ein,5
eissa,2
either,3
el,4
elaborating,4
eldin,1
elected,3
election,9
electoral,1
electric,1
element,4
elevator,1
el-hada'eq,1
eli,1
elian,1
elisabeth,1
elite,3
elizabeth,2
ellen,1
el-qaddafi,2
else,2
elsewhere,4
elsheikh,7
elvis,1
email,50
emailed,1
embassy,5
embedded,1
emergency,2
emerges,1
emerging,2
emir,1
emirate,2
emma,1
emmanuel,14
emmott,2
emotion,1
emphasis,1
emphasized,3
employed,2
employee,3
empty,2
emwazi,1
enable,1
encircle,2
encircled,1
enclave,15
encouraged,2
encouraging,2
end,15
ended,2
ending,1
endured,1
enemy,3
energy,1
enforce,1
enforced,1
enforcement,1
enforcer,1
engage,1
engaged,5
engineer,4
england,1
english,5
engulfing,1
enjoying,1
enlargement,1
enough,2
ensure,4
ensuring,6
enter,3
entered,6
entering,1
enterprise,2
enters,1
enthusiastic,2
entirely,2
entrenched,1
enviable,1
envisions,1
envoy,6
episode,1
equidistant,2
erdogan,41
(erdogan),1
eric,5
erkoyun,1
erupted,2
escalating,2
escalation,1
escape,1
escorting,1
especially,10
espoused,1
essence,1
essential,2
essentially,2
establish,2
established,1
estate,2
estimate,1
estimated,5
ethnic,4
ethnically,2
etienne,1
eu,12
eulogized,1
eulogy,1
euphemism,1
euphrates,3
euro,1
europe,7
european,18
europol,1
eu-turkey,3
evacuate,2
evacuated,5
evacuating,5
evacuation,18
evacuee,4
evans,2
evans)were,5
even,27
event,3
eventually,5
ever,5
every,3
everybody,1
everyday,2
everyone,5
everything,3
evicted,1
evidence,5
evros,1
examining,1
example,3
except,1
exceptional,2
exchange,5
exchanged,1
exchanging,1
excited,1
excluded,1
exclusively,2
execution,2
executive,1
exercise,2
exerts,2
exhausted,1
exhibition,1
exile,1
exist,1
existence,1
exist?i,1
existing,4
exists,1
exit,7
exiting,1
expanding,6
expanse,4
expansion,4
expect,2
expected,8
expects,5
expedient,1
expelling,2
experience,2
experienced,1
expert,6
experts',1
explain,1
explained,1
exploring,2
explosion,2
explosive,15
export,1
exporter,1
exporting,1
expose,1
exposed,5
expressed,2
expulsion,5
ex-spy,2
extend,7
extended,2
extension,10
extent,2
external,2
extract,1
extraordinary,6
extremely,1
extremist,18
ezgi,1
fabric,1
fabricating,1
face,20
facebook,1
facilitate,3
facility,1
facing,5
fact,5
faction,22
factory,1
failaq,7
failed,1
failing,1
failq,2
faint,1
fair,4
fairest,1
faith,2
falih,1
fall,2
fallen,2
familiar,7
familiarity,1
families?i,1
family,36
famine,1
fan,1
far,10
farmer,1
farther,4
farzat,1
fashionable,1
faso,3
fast-rising,1
fatal,2
fatally,2
fate,3
father,6
fatigue,2
faulconbridge)were,2
faylaq,9
faysal,1
fds,1
fear,5
fearing,1
feb,5
february,12
fed,1
federal,3
federation,1
feed,1
feel,3
fell,3
fellow,3
felt,3
female,6
ferocious,1
ferry,2
feuding,2
fianc,1
field,4
fiercely,1
fiercest,1
fight,34
fighter,71
fighting,29
figure,3
file,1
fill,3
filled,4
filling,2
final,4
finalize,1
finalized,1
finalizing,2
finally,2
finance,1
financial,6
financing,1
find,6
finished,1
fire,5
fired,5
firefight,2
fire-setting,1
firm,2
first,33
fish,3
fished,1
fitting,1
five,15
five-hour,1
fla,2
flag,2
flagging,1
fled,6
flee,1
fleeing,4
fleet,5
flew,2
flood,1
floor,4
florida,2
flotation,1
flower,2
flowing,1
fluent,1
fluorescent,1
fly,3
focus,3
focused,8
focussed,1
foe,1
foggia,1
foley,2
foleys,2
follow,3
followed,3
follower,1
following,4
food,12
foot,6
footage,2
foothold,2
footprint,1
(for,2
force,122
forced,16
forcing,3
forefront,3
foreign,25
foreigner,3
foresee,1
forever,1
forgive,1
form,1
formal,1
formally,2
formation,1
formed,1
former,24
formerly,3
fort,1
forward,5
fought,3
fourth,3
fragile,1
framed,1
framework,4
france,61
francis,1
francois,3
franois,1
fratricidal,1
fraudulent,1
free,7
freed,4
freedom,6
freelance,1
freely,1
freeze,10
freezing,1
french,41
french-led,1
frenchman,1
french-moroccan,1
frequented,2
fresh,1
fretting,2
friday,1
friend,7
frivolous,1
front,10
frontier,4
frontline,1
front-line,1
frosty,1
froze,1
frustration,2
fuel,7
full,8
fully,1
fund,15
funded,1
funding,8
furious,1
future,6
g,1
gabriel,2
gabriela,2
gadzhimagomedov,1
gain,4
gained,4
gallery,1
gamut,1
gang,3
garden,1
gareth,2
garish,1
gary,1
gas,7
gathered,3
gen,4
gendarme,11
gendarme),2
gendarmerie,5
gendarmery,1
gender-based,1
general,3
generate,1
generated,1
geneva,1
geostrategic,1
german,7
german-turkish,1
germany,4
gestured,1
getting,3
ghanaian,1
ghost,1
ghouta,96
giant,1
girl,4
girlfriend,1
give,3
giveaway,1
given,16
giving,6
glass,1
gleamed,1
global,4
globe,3
glut,2
go,3
goal,4
going,24
golden,1
golubkova,1
gone,8
good,2
goodman,2
gormley,1
gossip,2
got,4
goto,1
gotten,1
governance,2
government,124
government-held,1
government-supplied,1
governor,2
gradual,2
graff,1
graff)were,2
grandchild,1
grandmother,1
grandparent,1
granted,6
grappling,1
grass,1
great,6
greater,6
greece,4
greek,3
greek-cypriot,1
greek-turkish,1
green,4
gregorio,2
grievance,1
grim,2
ground,26
group,123
groups?,1
groups?eric,1
grow,1
growing,9
grown,1
growth,1
grueling,1
guarantee,3
guard,5
guardia,1
guarding,2
guest,2
guidance,4
guideline,1
gumrukcu,2
gun,3
gunman,4
gunshot,2
guy,4
habaq,1
hague,1
haider,1
hailed,4
haines,3
hairdresser,1
haitham,2
haley,2
half,2
half-mast,2
halt,6
halted,1
hama,4
hamaide,2
hamza,6
hand,11
handgun,6
handling,2
hangar,1
hanin,3
happen,2
happened,3
happening,2
happy,2
haram,1
harasta,9
harbor,1
hard,2
hard-line,4
hard-liners,4
harm,3
hartig,4
haruna,1
hashemi,2
hastening,1
hastily,2
hasty,4
hatay,4
hauling,2
havent,2
hay,1
hazm,5
hboubati,1
he,1
head,10
headed,2
headline,6
headquartered,1
headquarters,3
headscarf,1
healer,1
health,2
hear,4
heard,4
hearing,1
hearse,1
heart,2
heated,1
heather,3
heavens)were,1
heavily,6
heavy,9
he'd,1
heel,2
heightened,3
heinous,1
heinrich)were,1
held,22
helene,2
helicopter,3
helicopter-dropped,1
hell,1
hello,1
helmet,1
help,18
helped,10
helpful,2
helping,4
helpless,2
henning,1
hepatitis,2
heralded,1
hero,8
heroic,7
heroism,1
herv,1
hesitancy,1
hesitate,1
hesitated,1
hezbollah,8
hid,2
hide,3
hiding,1
hifter,8
high,1
higher,1
highest,1
highlighted,1
highly,1
high-octane,1
high-profile,3
highway,2
hijab,1
hijacked,2
hillary,1
historian,1
historic,3
history,3
hitting,1
hogue)advertisementcollapsesee,1
hogue)were,1
hold,23
holding,10
holdout,2
hole,1
holed,2
hollande,1
home,98
home-grown,1
homemade,2
hometown,1
homo,1
homs,1
hong,1
honor,10
honorable,1
honored,3
honoring,2
hope,15
hoping,3
horrific,2
horrified,2
horror,2
hospital,3
host,1
hostage,20
hostile,2
hostility,1
hot,1
hour,6
house,32
however,13
hts,2
hu,1
huge,2
human,12
humanitarian,16
humanity,4
humiliation,1
hundred,16
hungarian,3
hungary,7
hungry,2
hunt,2
hunting,4
hurriyet,2
hurt,3
husband,7
husk,1
hwaida,2
hypocrite,1
hysteria,1
ice,1
icrc,1
idea,3
identified,8
identify,4
identity,3
ideology,1
idle,2
idlib,39
idlibs,2
idrees,3
ignore,1
ignored,1
ihs,1
illegal,3
illuminated,1
illuminates,1
im,3
image,2
imagine,2
imam,1
imbue,1
immediately,4
immense,1
immigrant,1
immigration,1
impact,2
implementation,2
implored,1
import,1
important,5
imported,1
impose,1
imposed,5
impossible,4
improve,3
improved,1
improvement,1
improving,1
improvised,11
impulse,7
(in,1
inbox,1
incendiary,2
incident,8
include,3
included,7
includes,4
including,44
inclusive,1
incoherence,1
incorrectly,1
increase,6
increasingly,5
incredible,1
incursion,3
independently,5
indicated,3
indication,4
indiscriminate,2
individual,9
industry,1
ineffective,1
inevitable,1
infant,1
infection,2
infidel,2
infighting,1
infiltrating,1
inflicted,1
influence,10
information,7
informed,3
infrastructure,14
infrequent,1
infuriated,3
initial,3
initially,3
initiative,2
injured,3
injury,3
innocent,1
inquiry,7
insecurity,2
inside,11
insist,3
insisted,1
insisting,2
inspiration,2
inspired,4
installation,2
instance,1
instead,5
instigation,1
institution,2
institutionalize,1
instruction,1
insurgency,9
insurgent,14
insurgent-held,4
intelligence,14
intensified,1
intensifies,1
intention,1
intently,1
inter-agency,2
interest,5
interested,72
interfere,2
interference,2
interim,1
internal,5
internally,3
international,20
interpretation,2
intersection,3
intervention,7
interview,12
interviewed,1
intestinal,2
intractable,1
introduced,1
inundated,2
invalid,48
invalides,2
inventive,1
invested,1
investigated,2
investigation,6
investigative,2
investigator,7
investment,3
investor,1
invisible,1
involve,1
involved,3
involvement,5
ipo,4
iran,23
iran-backed,1
iranian,8
iranian-backed,1
iraq,43
iraqi,12
iraqi-jewish,1
irish,4
irrational,1
irreplaceable,1
irresponsible,2
irritant,2
(is),1
isi,24
islam,29
islamic,104
(islamic,2
islamist,19
islamization,1
island,1
israel,5
israeli,5
issue,10
issued,1
istanbul,6
istanbul-based,2
it?,1
italian,1
italy,2
itani,1
itching,2
ja'afari,1
jabhat,2
jae-in,1
jailer,1
jailing,2
jaish,20
jalabi,2
jama,1
jamal,1
james,4
jamie,1
jan,1
janos,1
january,12
japanese,2
jarry,2
jaysh,3
jean,1
jean-yves,1
jeffrey,1
jeopardized,2
jersey,1
jew,1
jihad,1
jihadi,2
jihadis,2
jihadist,12
jim,6
job,1
jobar,5
john,15
johnathan,1
join,6
joined,4
joining,2
joint,5
joke,1
joked,1
jonathan,4
jones,2
jones)were,2
jordanian,2
joseph,1
journal,10
journalist,14
journey,4
journeying,1
judge,2
judicial,8
july,2
junction,1
june,2
junk,1
jurisdiction,2
justified,1
kabul,4
kamiar,1
karadeniz,1
karen,1
kassig,1
katie,2
katya,1
keep,14
keeping,3
kenji,1
kept,1
kerry)were,1
kevin,2
key,6
khaled,3
khalid,1
khalifa,2
khanbabai,3
kheir,1
khouri,1
khoury,1
kicked,1
kidnapped,4
kidnapping,1
kill,8
killed,56
killing,13
kilometer,4
kilometers),1
kind,3
king,2
king)advertisementcollapsesee,1
kingdom,1
kino,1
kiselyova,1
km,2
knew,3
knife,7
knifing,1
knock,1
knocking,1
knock-off,1
know,1
knowledge,3
known,14
kobani,1
kong,1
korea,13
korean,1
kotey,6
kraicker,3
kremlin,2
kremlin-linked,1
krisztina,1
kudlow,1
kurd,14
kurdish,45
kurdish-backed,1
kurdish-controlled,3
kurdish-dominated,5
kurdish-held,1
kurdish-led,2
kurdish-majority,1
kurdistan,7
kuwait,7
l,1
la,3
labeled,2
labyrinth,1
lack,2
lacked,1
laid,2
lakdim,32
lakdims,2
lamassu,2
land,8
landlord,1
language,1
languished,1
lapse,1
large,10
largely,7
larger,9
largest,8
larry,3
last,79
latakia,1
latakian,1
late,8
late-night,1
latest,7
launch,2
launched,4
launcher,1
lavrov,2
law,6
lawless,2
lawyer,2
lay,4
laying,3
lazar,1
le,2
lead,2
leader,26
leadership,2
leading,3
leaked,1
leaping,1
learned,4
least,10
leave,22
leavemore,1
leaving,14
lebanon,8
lecture,1
led,8
-led,19
left,31
legal,2
legion,1
legislator,1
legitimizes,2
lemire,2
lesley,2
lesson,2
lethal,2
letter,1
letting,1
levant,4
level,9
leverage,3
liberated,3
liberation,2
libya,45
libyan,4
lie,2
life,22
liffey)were,2
lifting,1
light,2
likely,5
likened,2
lime-green,3
limit,2
limited,5
line,17
lined,1
link,3
linked,3
lipstick,1
lisa,7
list,5
listed,1
lit,1
little,6
live,7
lived,2
living,2
lizurey,4
lmp,1
lobbied,1
local,31
local)105,1
located,1
location,2
loggerhead,1
logic,1
london,12
long,14
long-drawn,1
longer,3
longer-range,1
longer-term,1
longevity,2
long-term,2
longtime,2
look,1
looking,5
looming,1
looter,1
loss,3
lost,10
lough,1
lough)were,1
louse,1
love,1
loved,1
low,2
lowcock,1
loyal,3
loyalist,2
lt,6
lubell,1
luke,3
lull,2
lying,3
lynchpin,1
m,2
m-16,1
maayan,1
mack,4
mackenzie,2
macron,43
(macron),1
macswan)were,1
madaya,5
made,14
magazine,2
maghreb,4
maher,2
mahsa,1
main,7
mainly,1
maintained,1
maintains,2
maj,2
major,16
majority,3
make,16
making,2
makki,5
male,5
maler)were,3
malfunction,1
mali,14
malicious,1
malign,1
malnutrition,3
man,17
manage,1
managed,1
manager,2
manbij,30
mantra,2
manufacture,1
manufacturing,1
many,33
marc,1
march,17
marching,1
marchi-uhel,3
maria,1
marine,6
mark,7
marked,1
market,8
marking,1
markit,1
marriage,1
marrow,1
marseille,2
marshal,2
marshall,1
martyrdom,1
marvel,1
marwan,1
masked,1
mason,1
mass,5
massachusetts,1
massacring,1
massive,4
master,1
mastermind,2
match,2
material,3
matt,1
matter,3
matthew,2
mattis,9
mauritania,1
maybe,1
mayor,3
mazires,1
mcdowall,3
mcmaster,6
meal,1
mean,4
meaning,1
meant,1
meanwhile,5
measure,5
mechanic,2
meddling,2
mediate,5
mediated,1
mediation,1
mediator,3
medical,10
medicine,2
medieval,4
mediterranean,5
medium,17
medves,1
meet,3
meeting,24
mehran,1
member,48
membership,4
memorable,1
memorial,5
men,13
menace,1
mercenary,1
merit,2
merkel,2
merkel),1
message,11
met,5
metal,1
meter,2
methodical,2
met?i,1
mexico,1
mica,1
michael,2
middle,10
mideast,2
mid-february,2
midi,1
midterm,2
might,14
migrant,10
migration,1
mikhail,1
mile,7
(miles),2
miles),5
milesaleppoidlibidlib,1
militant,64
militarily,1
military,86
military-grade,2
military-led,2
militia,31
militiaman,1
million,20
mind,2
minimal,1
minister,17
ministry,12
minority,3
minute,1
mischief,1
misfortune,2
misperceptions,1
missile,4
missing,4
mission,13
mistake,3
mistura,5
misurata,2
mix,3
mixed,4
mm,2
mob,1
mobile,2
mock,1
mockery,1
modeled,2
modern-day,1
modest,1
mohamed,2
mohammad,7
mohammed,5
mohy,1
mokhtar,2
molin,2
molins,4
moment,6
mona,1
monarch,1
monday,2
moneta,2
money,2
money-laundering,1
monitor,1
monitoring,3
month,45
month-long,4
moon,1
moral,3
morning,5
moroccan-born,2
morocco,2
mortar,3
moscow,37
mostafa,1
mostly,3
mosul,1
mother,6
motley,1
motorcycle,3
mound,1
mountain,4
mounted,2
mourning,2
moussa,2
move,12
moved,2
movement,1
moving,2
mpoke,2
mr,99
muammar,2
much-needed,1
muddy-floored,1
mueller,1
muhammad,2
multiplied,1
mundane,1
municipal,3
munition,1
murder,2
murderous,3
murphy,1
mused,1
muslim,9
muster,1
muted,1
mutilated,2
mutinous,1
'my,1
mythological,1
naim,1
najem,4
name,4
named,4
narbonne,4
narcotic,2
narrative,1
nation,27
national,44
nationality,2
nations-backed,8
nato,15
nato-member,2
nauert,2
navy,1
nazi,2
near,29
nearby,9
nearly,8
nears,1
nebehay,1
nebenzia,1
necessarily,3
necessary,8
neck,2
need,13
needed,10
nefarious,1
negotiate,2
negotiated,2
negotiates,1
negotiating,10
negotiation,14
negotiator,3
neighbor,7
neighborhood,3
neighboring,1
neither,1
nephew,1
nerve,9
nerve-gas,1
nest,1
network,1
neutral,2
never,8
newest,1
newly,1
newsletter,98
newspaper,2
next,13
niamey,2
nicholson,6
nickel,1
nicknamed,1
niece,1
niger,15
nigeria,1
night,3
nightly,1
nikki,1
nine,1
nineveh,3
nisrine,8
noncombat,1
non-combat-related,1
none,1
non-european,1
non-opec,1
nonsense,2
nonviolent,1
normal,1
normalcy,1
normalize,1
north,26
northeast,9
north-east,1
northeastern,4
northern,38
northwest,10
northwestern,15
norton,1
notably,1
note,4
noted,1
nothing,4
noting,5
notorious,5
notoriously,2
nov,1
november,5
nowhere,5
nsc,2
nuclear,4
number,19
numerous,1
nusrat,1
(nytopinion),1
obama,2
objection,1
objective,4
obscure,2
observatory,16
observer,1
obstacle,1
obstruct,1
obtain,1
obtaining,1
obviously,1
occasion,2
occupied,1
occupy,1
occurred,4
october,3
odds,7
offensive,27
offer,3
offered,8
offering,5
off-guard,2
office,13
officer,9
official,116
official),1
officially,1
often,7
ohio,6
oil,16
oil-rich,1
old,4
o'leary,1
oligarch,1
olwan,2
omer,1
one,47
one-off,4
one-shot,1
onetime,1
one-way,1
ongoing,4
online,1
onlooker,1
opaque,1
opec,2
open,10
opened,3
open-ended,3
opening,1
openly,1
operate,2
operated,1
operates,2
operating,1
operation,51
operational,2
operations?,2
operative,5
operatives?beginning,2
opinion,3
opinionthe,1
opponent,1
opportunistic,1
oppose,1
opposed,1
opposing,2
opposite,2
opposition,30
opposition-held,7
opposition-run,2
oppression,2
optimistic,2
option,2
optionsadvertisementby,4
orban,4
order,16
ordered,5
ordinary,3
organisation,3
organization,9
organization?,1
organized,1
orient,1
originally,2
originated,2
osborn)were,1
ostroukh,1
otherwise,1
oust,2
ousted,3
outcome,1
outdoor,1
outgoing,2
outlawed,7
outlet,4
outpouring,1
output,1
outset,1
outside,10
outskirt,2
ouyoun,1
overbearing,1
overcome,1
overcrowded,3
overdue,1
overly,4
overnight,4
overpowered,1
overran,1
override,2
overseas,3
oversee,2
overtaken,1
overthrow,3
overwhelming,3
package,2
packed,5
pact,1
pad,1
paddington,1
paid,4
pain,1
paint,1
pair,2
pakistan,4
pakistani,2
palm,6
pander,1
panel,1
paper,3
paper|subscribe,6
parachute,2
parade,2
paralegal,1
parent,2
paris,26
paris',2
parisian,1
parking,2
parliament,2
part,39
partially,1
participant,1
participated,1
participating,1
particular,2
partner,10
partnership,2
partnersover,1
party,13
pas,2
pascale,2
passage,6
passed,3
passenger,3
passive,1
past,19
patch,2
patchwork,1
patient,2
patricia,1
patrick,1
patrol,5
paul,1
paulo,1
pause,7
paused,2
pay,1
paying,1
peace,12
peaceful,2
peak,1
peered,2
peltier,1
penalty,2
pending,1
pennetier,5
pentagon,26
people,100
people!,2
per,1
perceived,1
percent,12
perderiset,4
perfect,1
performing,1
perfume,1
perhaps,2
period,1
perish,2
permanent,5
permanently,1
permissible,1
permit,2
permitting,1
perpetuity,1
perry,4
persist,1
persistent,1
person,1
personal,1
personnel,5
perspective,1
persuaded,2
pertaining,1
pertinent,1
peter,5
petroleum,1
petty,2
phase,1
phenomenon,1
phil,1
philippe,1
phillipson,1
philosophy,2
phone,9
photograph,1
pick,1
picture,4
piece,1
pierce,1
pile,1
piled,1
pilot,1
pinchuk,2
pinheiro,1
pink,1
pipe,1
piper,2
pitched,1
pkk,14
(pkk),7
placard,1
place,29
placed,3
placeholder,1
plan,20
plane,1
planet,4
planned,5
planning,4
plant,3
platform,1
play,5
played,6
player,2
playing,4
plea,1
please,95
pledge,2
pledged,4
plinth,3
pocket,16
point,7
pointed,2
poisoned,4
poisoning,1
police,28
policy,18
political,11
politics,3
poll,1
polytheism,1
pomeroy,1
pomeroy)were,2
popular,1
populated,1
population,10
populous,5
port,3
portal,1
portion,2
portray,1
portrayal,2
pose,2
posed,2
position,5
positioned,1
possible,9
possibly,3
post,3
post-coup,1
posted,1
potential,6
potentially,4
power,14
powerful,9
praise,1
praki,1
pratap,1
prayer,2
preached,1
precipitating,1
precisely,1
precision,1
precision-guided,1
predicted,1
prefer,2
preparation,3
prepared,6
preparing,6
presence,18
present,3
presented,3
presidency,4
president,94
presidential,6
press,12
pressed,1
pressing,1
presskobani,1
pressmarch,18
pressure,4
prestige,1
prevent,9
preventing,1
previous,6
previously,1
prez-pea,1
price,6
prime,8
prince,4
principle,2
print,6
priority,1
prison,4
prisoner,4
privacy,1
private,2
privately,2
privy,1
proactively,1
probably,5
problem,1
proceed,1
process,9
procurement,2
prod,1
producer,2
pro-erdogan,1
profession,1
professor,1
profited,2
pro-government,3
program,9
progress,5
prohibition,1
project,6
prominent,3
promise,2
promised,7
promote,2
prompted,3
pro-opposition,1
propelling,1
proper,1
proposal,3
propping,3
prosecute,3
prosecuting,1
prosecutor,6
prospect,2
pro-syrian,6
protect,5
protection,2
protective,1
protest,4
protester,1
protocol,2
proudly,1
provide,11
provided,4
provides,1
providing,3
province,17
provincesyrialebanonmadayadamascus/ghoutamarch,1
provision,1
provocation,1
proxy,3
psychological,1
public,12
publicly,3
published,1
pull,8
pulled,1
pulling,3
punish,1
punishment,1
purge,1
purpose,2
pursues,1
push,16
pushed,2
pushing,1
put,1
putin,12
putting,2
pyd,6
pyrenees,2
qaddafi,2
qaeda,27
qandil,3
qassem,1
qatar,1
quality,1
quarter-million,1
quasi-prosecutorial,1
query,2
question,14
questioned,1
questioning,3
quick,1
quickly,11
quietly,1
quinn,1
quit,1
quitting,1
quoted,3
quoting,3
r,4
race,1
rachel,1
radical,1
radicalized,1
radio,4
radouane,6
rage,1
raged,2
rahman,1
raid,4
rain,2
rainfall,1
raise,2
raised,4
raising,2
raj,1
rakowitz,3
rakowitzs,2
rally,3
rampage,2
rampart,1
ramp-up,1
ran,4
rang,2
range,3
rania,2
rankine-galloway,2
ransom,1
raped,3
raqqa,1
rare,5
rate,1
rather,3
rating,1
raya,2
razed,2
reach,6
reached,10
reaching,1
reader,2
readiness,1
reading,3
ready,4
reaffirmed,1
realignment,1
reality,3
realized,1
really,2
rearrangement,2
reason,4
reassesses,5
reassessing,2
reassurance,1
rebel,104
rebel-held,17
rebellion,2
rebel-stronghold,2
reborn,1
rebuilding,3
recalled,1
recapture,1
recaptured,5
received,14
receiving,2
recent,24
recently,14
recep,4
recipe,1
recognize,1
recognized,1
recognizes,1
recommend,2
reconcile,1
reconciliation,2
reconfirm,1
reconsolidate,2
reconstructed,1
reconstruction,8
record,1
recovered,1
recovery,6
recreating,1
re-creation,2
recrimination,1
recruit,2
recruited,1
recruiting,1
recruitment,2
recycled,1
red,6
red-meat,1
reduced,1
re-election,1
re-enter,48
re-evaluates,3
referendum,1
referred,2
referring,13
refers,1
refit,1
reflected,2
reflection,1
reflects,1
reform,1
refugee,10
refusal,1
refused,8
refusing,2
regain,2
regard,1
regarded,1
regarding,1
regime,2
regiment,2
region,52
regional,8
register,1
regret,1
regrettable,2
regrettably,2
regroup,2
regular,2
regulation,1
reinforcement,2
reinhold)were,1
rejected,6
relate,2
related,3
relation,6
relationship,7
relative,4
relatively,2
release,2
released,7
relevant,1
reliance,1
relief,3
relieve,1
relieving,1
religious,2
relocation,1
rely,2
remain,16
remained,3
remaining,9
remains,9
remark,6
reminded,1
remnant,4
remove,2
removed,1
removing,1
rendition,1
renewable,1
renewal,1
renewed,1
rent,1
repair,1
repeated,2
repeatedly,11
repeating,2
replace,2
replaced,2
replacing,2
replete,1
reply,2
report,35
reported,28
reportedly,2
reporter,9
reporting,16
(reporting,35
represent,1
representation,1
representative,4
representing,4
represents,1
reprints|,6
republican,3
reputation,1
request,5
requesting,1
required,2
requiring,2
rescue,1
resembling,1
reserve,1
reserved,1
residency,6
resident,16
resilience,1
resistance,1
resolution,3
resort,1
resounding,2
resource,2
resourceful,2
respect,2
respond,3
responded,2
responding,2
response,7
responsibility,4
responsible,1
rest,1
restore,1
restored,2
restricted,2
restricting,1
result,9
resulted,1
resulting,2
resume,1
resurgence,3
retake,2
retaliate,2
retaliation,2
retired,1
retiree,2
retook,1
retribution,1
return,8
returned,2
returning,5
reunited,1
reuters,21
(reuters),1
reuterslondon,1
reutersmarch,45
reuterswest,1
reveal,1
revealed,2
reverberated,1
reversed,1
reversing,2
review,3
reviewed,1
revocation,1
revolt,3
revolution,6
revolutionary,3
rex,8
rhetoric,4
rhythm,1
ria,7
ricci)were,1
rich,1
richard,8
richfield,4
rid,2
ride,1
ridiculed,1
riding,1
rifaat,11
rifle,2
rift,1
right,15
right?,1
right-wing,1
rima,2
riot,2
ripped,1
rise,3
rising,2
risk,4
risking,2
rival,3
rivalry,1
river,6
riyadh,4
road,9
roadside,4
roam,1
robert,3
robin,5
robot,48
robyn,2
rocket,1
rogers,2
role,20
roll,1
rollover,1
rome,1
room,1
rosenberg,1
roughly,2
round,1
route,5
routed,3
routine,1
routinely,1
roving,1
row,4
rowdy,2
rubble,5
rubin,2
rubinmarch,3
ruha,1
rule,11
ruled,1
rules-based,1
ruling,1
run,4
running,3
rural,1
russia,72
russian,79
russian-american,1
russian-backed,2
russian-brokered,1
russia-sponsored,1
ruthless,1
saad,1
saadmarch,1
sack,1
sacrifice,7
sacrificed,1
sad,1
saddened,1
safe,7
safety,3
sahara,2
sahel,9
saint-etienne-de-trebes,2
salad,1
salafi,1
salafists,1
salah,1
salisbury,6
sallak,2
salman,2
sana,2
sanctimony,1
sanction,7
sandra,3
sanitation,1
sara,1
sarah,1
saras,1
sat,5
sattouf,2
saturday,2
saudi,15
saudi-backed,1
save,4
saved,1
saw,6
say,13
say?,1
saying,15
scalding,1
scale,1
scandal,1
scar,1
scarce,2
scared,2
scarf,3
scene,1
___schaeffer,2
scheduled,2
scheme,2
schmitt,4
schmittmarch,2
scholar,1
school,6
schumer,1
scolding,1
scope,2
scorched-earth,1
score,3
scott,1
scrap,1
scrawled,1
screened,2
script,1
sculpture,4
sdf,17
(sdf),4
sdf-controlled,2
sdf-held,1
sea,6
search,1
searching,4
seat,4
seattle,1
sebha,2
second,10
secret,1
secretary,13
sectarian,1
section,5
sector,3
secular,1
secure,1
security,58
see,2
seeking,9
seem,2
seemed,8
seen,9
segregating,1
seibert,4
seiryoul,1
seized,9
seizure,3
select,49
self-described,1
self-proclaimed,2
self-righteousness,1
sell,1
selling,1
semi-arid,1
seminomadic,2
senator,1
send,7
sending,2
senior,17
senior-level,2
sense,3
sensitive,3
sent,4
sentenced,1
sentiment,1
separate,8
separately,1
separatist,2
september,4
serf,1
sergeant,1
sergei,10
sergey,1
series,3
serious,6
seriously,3
seriousness,1
serve,3
served,4
service,20
serving,5
setting,1
settle,3
settlement,3
seven,8
seven-year,1
several,22
sewer,2
sex,1
sexual,1
sexually,1
shadow,2
shafee,1
shah,1
shake-up,2
shakur,1
shale,1
shame,3
share,5
shared,3
sharing,2
shattered,1
sheikh,1
shell,4
shelled,3
shelling,7
shelter,6
sheltersdespite,1
shibil,2
shield,1
shift,3
shifted,3
shifting,1
shiite,4
shi'ite,2
shock,1
shocked,1
shoe,1
shoigu,5
shooting,7
shop,2
shopped,1
shopper,6
shopping,3
short,2
shortage,1
shortlisted,1
shortly,3
short-term,2
shot,8
shoulder,1
shouting,2
show,6
showed,11
shower,1
showered,1
showing,1
shown,3
shrank,1
shrapnel-ridden,2
sibling,1
side,24
sided,2
siege,18
sight,1
sign,9
signal,1
signaled,1
signaling,2
signalled,1
signature,1
signed,2
significant,8
significantly,2
signing,3
silent,1
silopi,1
similar,6
simple,1
single,5
single?,1
sinjar,13
sirnak,1
sister,2
sit,2
sitting,2
situation,8
six,7
size,1
skeptical,1
skin,3
skirmished,1
skripal,7
sky,3
skype,2
slav,1
slave,1
slaying,2
s-led,1
slightly,1
slogan,1
slow,2
slumped,2
slung,1
small,9
small-time,1
smartphones,1
smoke,1
smoking,1
smuggled,3
smuggling,4
sneaked,1
sniper,1
so-called,1
soccer,2
social,3
socialist,1
society,4
soil,1
sold,2
soldatkin,2
soldier,22
solidarity,2
solution,4
solved,1
somalia,4
somebody,1
sometimes,4
son,2
soon,33
sort,3
sosna,1
sotloff,1
sought,5
soum,1
source,36
south,15
southeast,5
southeastern,1
southern,21
southernmost,3
southwest,5
southwestern,1
sovereign,1
space,1
spain,3
spaniard,1
spanning,1
spare,2
spared,1
spc,1
speak,6
speaking,5
spearheaded,2
spearheading,2
special,12
specialist,1
specific,5
specifically,3
spectrum,3
sped,2
speech,9
speed,1
spelled,1
spending,6
spent,4
spiral,1
spirit,1
spite,2
split,2
split-second,2
spoke,10
spoken,1
spokesman,17
spokesperson,4
spokeswoman,8
sponsor,1
spot,3
spotted,1
spotting,1
spread,3
spring,3
spur,1
spy,4
spying,1
squander,1
square,2
stabbed,2
stabilise,3
stability,4
stabilization,6
stabilize,6
stabilized,2
stabilizing,1
staff,6
staffan,3
stage,1
staging,1
stair,1
stake,1
stalled,2
stance,3
stand,1
standing,2
standoff,2
stanford,2
stanislav,1
stark,1
starkly,1
start,9
started,4
starting,2
starve,1
state,216
state-affiliated,3
stated,3
statement,52
state)-related,2
state-run,1
states',1
states-led,2
station,11
stationed,5
statue,3
status,4
stay,16
stayed,2
staying,3
steady,1
steel,1
stef,1
steffen,1
step,6
stephanie,1
stephen,1
stepping,1
steven,1
stewart,1
still,45
stock,1
stole,2
stolen,2
stomping,1
stonestreet,1
stonestreet)were,1
stood,5
stop,8
stopped,2
store,2
storm,4
stormed,7
story,8
strait-laced,1
strategic,7
strategically,1
strategy,7
streamed,3
streaming,1
street,16
stretch,2
stretched,1
strike,30
striking,1
string,2
strip,1
stripped,2
strong,5
stronger,6
stronghold,14
struck,6
struggle,7
struggled,1
stuck,1
student,2
study,1
subject,1
subjected,4
submarine,1
subscribe,48
subtitle,1
suburb,10
success,2
successor,1
sudan,4
suddenly,1
suffer,1
suffered,1
suffering,7
(suffering),1
suggested,5
suggesting,2
suggestion,4
suggests,1
suicidal,1
suicide,4
suleiman,3
suliman,2
summit,4
summoned,1
sunni,2
sunset,1
super,3
supercharged,1
supermarket,24
supply,3
supplying,4
support,31
supporter,2
supporting,5
supreme,1
surely,2
surged,1
surprise,2
surprised,1
surprisetrump,1
surprising,1
surrender,11
surrendered,3
surrendering,1
surrounding,2
surt,2
surveillance,2
survive,3
survived,1
surviving,2
survivor,3
susan,3
suspect,2
suspected,1
suspend,1
suspension,1
suspicion,1
sustainable,1
swamp,2
swapping,4
swath,1
swathe,3
sweden,1
sweep,2
sweet,1
swept,4
swollen,1
sybille,2
symbolize,3
symbolized,1
sympathy,2
syria,285
syria),1
syrian,132
(syrian,2
syrian-ness,1
syrians?the,1
syrup,1
system,6
table,3
tactic,4
tactical,1
tahoua,1
take,31
taken,12
takeover,3
taking,11
talal,1
talals,1
taliban,10
talk,30
talking,3
tampering,1
tank,2
tankersley,1
tankersleymarch,1
tap,1
target,8
targeted,8
targeting,2
taught,1
tax,2
taxi,1
tayyip,15
teacher,4
team,11
tebu,8
technical,1
technician,1
technology,1
teenage,1
tehran,2
tehran-backed,1
tel,11
telephone,3
television,3
tell,1
telling,3
temper,1
temporarily,2
temporary,1
ten,8
tense,2
tension,11
term,4
terma,5
termanini,2
terrified,1
territory,34
terror,9
terrorism,11
terrorism-related,1
terrorist,32
terse,2
testament,3
testimony,2
texas,1
text,3
thanks,2
that?,1
thats,2
the),2
theater,1
theme,1
them?please,1
then?,1
there,1
theresa,2
thessaloniki,1
they'd,2
theyre,1
they're,2
theyve,1
thing,8
think,78
thinking,5
third,3
___this,1
(this,1
(this),1
this?,2
thomas,2
thomasson,1
thomas)were,1
thoroughly,1
though,5
thought,9
thousand,22
threat,14
threaten,2
threatened,10
threatening,1
three,15
three-day,1
three-decade,1
throat,2
thuggery,1
thwarting,1
tie,9
tighten,1
till,2
tillaberi,1
tillerson,12
time,94
timetable,2
timing,1
tip,1
title,1
titled,1
tlass,1
today,14
together,6
toggle,1
toilet,1
toksabay)were,1
tom,6
tomb,2
tomorrow,1
tone,2
toni,1
tonroe,2
took,25
top,12
torture,4
tortured,1
total,4
tough,3
tour,1
tourist,1
toward,8
towards,2
town,98
trabzon,2
trace,1
trade,16
traded,1
trading,2
traditional,1
trafalgar,1
trafficker,1
trafficking,1
tragedy,1
tragically,1
trailer,1
train,2
training,6
tranquil,2
transaction,1
transcends,3
transfer,2
transferred,2
transformed,1
transition,2
transplant,1
transported,7
trapped,1
trauma,4
traumatized,1
travel,4
traveled,1
traveler,1
trbes,6
treachery,1
treasury,2
treated,2
treating,1
treatment,1
treaty,2
trebes,12
trendy,1
trial,6
tribesman,2
tribute,9
tributeu,2
tried,2
trigger,1
trillion,2
trip,2
tripoli,6
troop,45
trott)were,1
troubled,1
truck,2
trumka,2
trump,128
(trump,1
trust,2
trusted,1
trustworthy,1
truth,2
try,2
trying,10
tuareg,9
tulay,1
tunnel,2
tupac,1
turbot,1
turk,2
turkey,97
turkey100,1
turkish,46
turkish-led,3
turmoil,3
turn,3
turned,4
turning,4
tusk,4
tussle,1
tuvan,2
tv,10
tweet,2
tweeted,4
twitter,9
two,66
two-hour,1
two-month,2
u,88
ubari,12
ubiquitous,1
ugly,1
ukraine,3
ul-islam,1
ultimately,4
ultimatum,1
ultraconservative,1
ultra-hardline,2
ultrareligious,1
umm,1
unable,3
unacceptable,2
unanimous,1
unarmed,2
unassailable,1
uncertain,1
uncertainty,1
unchecked,2
unclear,6
uncontained,1
undercurrent,1
undercut,1
underdog,1
underline,2
undermine,2
underscored,1
underscoring,1
understand,4
understanding,2
understatement,1
understates,1
undisclosed,1
unexpected,2
unfinished,1
unfold,1
unfortunate,1
unfounded,1
ungoverned,2
unheard-of,1
unheeded,1
unidentified,3
uniform,1
unimaginable,1
uninvited,1
union,13
unit,4
united,90
unity,9
universal,1
university,4
unknown,4
unleashed,1
unleashing,1
unless,3
unlikely,1
unmanned,1
unnamed,3
unnerved,1
unprecedented,2
unraveling,1
unrepentant,1
unrest,1
unscripted,2
unsure,4
unusual,2
unusually,2
unveiled,2
unveiling,1
update,1
upend,1
upon,1
upper,2
uprising,4
uproot,1
upset,1
upside,1
urban,1
urged,1
urgent,3
urgently,1
useful,1
using,10
usual,1
utilized,5
utter,1
vacuum,3
value,1
various,3
varna,7
___vasilyeva,1
vassily,1
vast,7
veer,1
vehicle,6
veil,3
veiling,1
venezuela,1
vented,1
venue,2
verge,1
verified,1
verify,49
version,9
veto-wielding,1
via,2
vial,3
vice-chairman,1
viciousness,1
victim,9
victims?its,1
victory,13
video,8
videotaped,1
view,56
viktor,1
village,5
violation,1
violence,8
violent,4
visa,10
visa-free,1
vise,1
visit,8
visited,2
visiting,4
vital,2
vladamir,1
vladimir,3
vocal,2
voice,3
void,4
volume,2
voluntarily,3
voluntary,1
volunteered,1
vote,1
votel,1
vowed,4
vulnerable,3
vying,5
(w,1
wa,1
wael,1
wage,1
waged,9
waging,1
wait,3
waiting,7
waiver,5
wake,1
walcott,2
walked,2
wall,12
wallingers,1
wallis)were,2
walsh,4
want,21
wanted,10
war,58
warfare,1
warned,9
warning,1
warplane,4
warrant,1
warring,1
wartime,2
war-wracked,2
washed,2
washington,25
washington/baghdad,1
washington-based,1
wasnt,1
watch,1
watched,1
water,7
waterboarding,1
waterfall,1
waved,1
way,4
we?,1
weakness,1
weapon,19
wear,1
wearing,2
web,1
website,6
websites',2
week,68
weekend,6
weeklong,1
weekly,2
weighed,1
weighing,1
weird,2
welcome,1
welcomed,2
went,15
west,14
western,10
westerner,1
we've,2
whenever,1
whereabouts,1
whereafter,2
whether,17
whilst,1
white,23
whiteread,1
whole,1
whose,15
why?,1
wide,1
widely,1
widen,2
wide-scale,1
widespread,1
wielding,1
wife,5
wild,1
williams)were,2
willingness,2
win,2
window,6
wine,1
winegrower,2
winged,2
winning,2
winter,1
wiretapping,1
wish,2
(with,1
withdraw,14
withdrawal,17
withdrawing,3
withdrew,1
withering,1
withheld,1
witness,2
wolgelenter,1
woman,24
wondered,2
word,9
word),1
wording,1
work,15
worked,2
worker,10
working,11
world,16
worried,1
worry,1
worrying,1
worst,2
worth,1
would,87
would-be,2
wound,4
wounded,9
wounding,1
wracked,2
wrangling,1
wrap,1
wrapped,2
wreaked,1
wreck,1
wreckage,1
wrenching,2
wrest,1
writer,6
writes,1
writing,13
(writing,1
written,1
wrong,3
wrote,1
wroughton,2
yahoun,1
yards),2
yasmina,1
yazidi,2
year,34
year-old,2
year-to-year,1
yemen,4
yerevan,1
yergin,1
yielding,1
york,68
young,6
youre,3
ypg,45
ypg-led,2
yucel,1
yukawa,1
zamalka,5
zara,1
zdh,1
zeal,1
zeroing,1
zeynep,2
zone,3
zway,2
